id	user_id	price_usd	tax	final_amount	payment_type
30001	977	$336.51	23.56	360.07	cash
30002	172	173.22	12.13	185.35	
30003	1165	516.89	36.18	553.0699999999999	card
30004	171	400.36	28.03	428.39	card
30005	1170	468.39	32.79	501.18	paypal
30006	1322	416.17	29.13	445.3	
30007	1119		34.59	528.77	card
30008	61	240.73		257.58	
30009	785	128.29	8.98		card
30010	296	804.92	56.34	861.26	cash
30011	1337	401.36	28.1	429.46000000000004	cash
30012	296	645.76	45.2		card
30013	110	592.46	41.47	633.9300000000001	paypal
30014	320	509.53	35.67	545.1999999999999	paypal
30015	1281	22.06		23.599999999999998	cash
30016	50	9.73	0.68	10.41	
30017	62	153.04	10.71	163.75	paypal
30018	383		1.6	24.400000000000002	cash
30019	1318	202.63	14.18	216.81	cash
30020	94	21.81	1.53	23.34	cash
30021	154	151.38	10.6	161.98	cash
30022	161	116.92	8.18	125.1	
30023	1098	850.56		910.0999999999999	paypal
30024	845	305.43	21.38	326.81	cash
30025	147	235.63	16.49	252.12	card
30026	1017	634.69	44.43	679.12	
30027	775	423.75	29.66	453.41	
30028	1439	557.89	39.05		cash
30029	1086	633.81	44.37	678.18	paypal
30030	642	$372.98	26.11	399.09000000000003	card
30031	1175	430.58	30.14	460.71999999999997	paypal
30032	1313	393.97	27.58	421.55	cash
30033	1380				paypal
30034	403	$663.12	46.42	709.54	
30035	770		38.88	594.37	
30036	294	242.04	16.94	258.98	
30037	431		7.99	122.08999999999999	cash
30038	1316	190.68	13.35	204.03	card
30039	982	546.26	38.24	584.5	cash
30040	937	636.43	44.55	680.9799999999999	card
30041	1094		31.26	477.78999999999996	cash
30042	1208	729.56	51.07	780.63	card
30043	513	383.59	26.85	410.44	
30044	1075			451.6	cash
30045	265	866.62	60.66	927.28	paypal
30046	115		18.07	276.23	cash
30047	1351	506.13			cash
30048	746	306.07	21.42	327.49	paypal
30049	562	615.83	43.11	658.94	
30050	1399	42.91	3.0		card
30051	73		32.19	491.98	paypal
30052	923	$847.67	59.34		
30053	1058	727.89	50.95	778.84	
30054	410	618.23	43.28		
30055	72	798.69	55.91	854.6	paypal
30056	167	134.66	9.43	144.09	
30057	1246	295.27	20.67	315.94	card
30058	48	$372.08	26.05	398.13	paypal
30059	852	675.53	47.29		card
30060	870	438.97	30.73	469.70000000000005	card
30061	1443	578.84	40.52	619.36	paypal
30062	286	824.29	57.7		paypal
30063	1494	75.66		80.96	
30064	240	166.78	11.67	178.45	card
30065	774	778.55	54.5	833.05	card
30066	521	882.68		944.4699999999999	cash
30067	992	324.99	22.75		
30068	1468	650.21	45.51	695.72	card
30069	424	808.26	56.58	864.84	cash
30070	975		29.49	450.79	cash
30071	274	708.6		758.2	paypal
30072	383		56.66	866.0699999999999	cash
30073	1461	249.42	17.46	266.88	paypal
30074	425	794.72	55.63	850.35	cash
30075	1304	65.72	4.6	70.32	card
30076	63	151.49	10.6	162.09	paypal
30077	241		31.02	474.10999999999996	cash
30078	907	28.31		30.29	card
30079	863	678.54	47.5	726.04	paypal
30080	8	96.82	6.78	103.6	
30081	1406	322.68	22.59	345.27	cash
30082	45	548.65	38.41	587.06	card
30083	712		57.46		paypal
30084	901			696.0799999999999	paypal
30085	593	130.89	9.16		paypal
30086	625	43.17	3.02	46.190000000000005	cash
30087	872	31.39	2.2		paypal
30088	1164	651.79	45.63		
30089	208	688.31	48.18		card
30090	873	206.93		221.42000000000002	
30091	941	816.53	57.16	873.6899999999999	card
30092	1108	714.52	50.02	764.54	paypal
30093	1325			532.1800000000001	card
30094	1061	246.37	17.25	263.62	card
30095	1413	307.04	21.49	328.53000000000003	
30096	344	577.95	40.46	618.4100000000001	
30097	1010	302.86	21.2	324.06	paypal
30098	981	297.86	20.85	318.71000000000004	card
30099	141	572.77	40.09	612.86	card
30100	1198	685.5	47.99	733.49	
30101	890	791.14	55.38	846.52	cash
30102	1487	$853.5	59.75		card
30103	721	84.97	5.95		cash
30104	488		43.35	662.63	cash
30105	785	367.12	25.7	392.82	card
30106	1315	230.42	16.13	246.54999999999998	
30107	600	515.37	36.08	551.45	paypal
30108	619		2.11	32.31	
30109	729	706.31	49.44	755.75	
30110	880	632.61	44.28	676.89	cash
30111	604	62.3	4.36		card
30112	229	328.63	23.0		
30113	1187	$779.6	54.57	834.1700000000001	
30114	1080	163.17		174.58999999999997	
"unterminated,quote,here
30116	383	233.66	16.36	250.01999999999998	paypal
30117	521	833.88	58.37	892.25	paypal
30118	1337	250.29	17.52	267.81	
30119	418	654.52	45.82		card
30120	553	494.98	34.65	529.63	
30121	589	719.51		769.88	cash
30122	205	379.75	26.58	406.33	
30123	730	614.72	43.03	657.75	paypal
30124	1295	352.61	24.68	377.29	
123|MISMATCH|EXTRA|COLS|HERE|oops
30126	1140	111.58	7.81	119.39	
30127	1084	344.27	24.1		cash
30128	885	479.13	33.54	512.67	card
30129	295		21.11	322.67	
30130	678			303.40000000000003	
30131	53	801.99	56.14	858.13	cash
30132	365	724.7	50.73	775.4300000000001	card
30133	94	799.82	55.99	855.8100000000001	
30134	649	380.85	26.66		paypal
30135	1252	573.12	40.12		
30136	443	741.76			
30137	567	215.7	15.1		
30138	1409	758.87	53.12	811.99	paypal
30139	157	317.01	22.19	339.2	card
30140	1041	309.09		330.72999999999996	
30141	903	716.98	50.19	767.1700000000001	
30142	585	568.65	39.81	608.46	paypal
30143	534	753.14		805.86	
30144	576	809.64			cash
30145	879	109.88	7.69	117.57	
30146	1164			336.62	paypal
30147	585	510.14	35.71	545.85	
30148	685	329.67	23.08		card
30149	1398	228.51	16.0	244.51	card
30150	961	864.66	60.53		card
30151	20	304.18	21.29	325.47	cash
30152	61		43.74	668.59	
30153	1493	545.24	38.17		paypal
30154	563		7.75	118.53	
30155	1233	71.7		76.72	card
30156	1233	359.49	25.16	384.65000000000003	paypal
30157	174	565.63	39.59	605.22	
30158	1225	457.26		489.27	
30159	1424	521.75	36.52	558.27	
30160	48		56.77		
30161	937		36.54		cash
30162	986	506.77		542.24	
30163	834	868.88	60.82	929.7	
30164	1345	68.67	4.81	73.48	paypal
30165	220		10.27	157.05	paypal
30166	260	$604.73	42.33	647.0600000000001	
30167	176	121.49	8.5	129.99	cash
30168	948	240.07	16.8	256.87	card
30169	858	674.0	47.18	721.18	paypal
30170	264	602.22	42.16	644.38	cash
30171	878		62.28	951.97	
30172	1499	302.93	21.21		
30173	458	330.03	23.1	353.13	paypal
30174	590	823.57	57.65	881.22	
30175	614	792.74	55.49	848.23	cash
30176	588	304.93	21.35	326.28000000000003	
30177	456			719.64	card
30178	434	371.7		397.71999999999997	cash
30179	1009	605.8	42.41	648.2099999999999	paypal
30180	35	770.64	53.94		paypal
30181	1117	$533.85	37.37	571.22	paypal
30182	200	734.22	51.4	785.62	paypal
30183	469	81.75	5.72	87.47	paypal
30184	618	214.16		229.15	card
30185	884	642.78	44.99	687.77	
30186	422	113.62	7.95		cash
30187	758	842.34	58.96	901.3000000000001	paypal
30188	800	299.49	20.96	320.45	cash
"unterminated,quote,here
30190	311	93.4	6.54	99.94000000000001	
30191	294	722.91	50.6	773.51	
30192	914	343.09	24.02		card
30193	216	298.71	20.91	319.62	
30194	1010		36.68	560.66	cash
30195	662	178.12	12.47	190.59	card
30196	576	638.15	44.67	682.8199999999999	card
30197	813	113.29	7.93		card
30198	423	463.21	32.42	495.63	card
30199	810	220.16	15.41	235.57	
30200	344	426.71			paypal
30201	690	826.6	57.86	884.46	paypal
30202	1311	498.2	34.87	533.0699999999999	paypal
30203	1024	441.46	30.9		
30204	20	651.75	45.62	697.37	paypal
30205	577	516.31	36.14	552.4499999999999	cash
30206	776	$549.86	38.49	588.35	card
30207	942	314.38	22.01		
30208	997	437.68	30.64	468.32	paypal
30209	441	713.57	49.95	763.5200000000001	card
30210	1356	47.27	3.31	50.580000000000005	card
30211	594	833.12	58.32	891.44	
30212	10	752.32	52.66	804.98	cash
30213	441	373.42	26.14	399.56	card
30214	1130	531.75	37.22		card
30215	934	656.33	45.94	702.27	
30216	1139	52.29	3.66	55.95	paypal
30217	145	56.92	3.98	60.9	paypal
30218	988		17.15	262.2	cash
30219	698	165.29	11.57	176.85999999999999	cash
30220	933	842.56	58.98	901.54	
30221	726	702.27	49.16	751.43	
30222	767			468.52	
30223	1176	631.59	44.21		
30224	777	599.46	41.96	641.4200000000001	cash
30225	763	854.36	59.81	914.1700000000001	cash
30226	440	632.35	44.26		card
30227	481	$157.73	11.04		paypal
30228	1430	78.51	5.5		paypal
30229	448	751.8	52.63	804.43	cash
30230	305	899.48	62.96	962.44	
30231	66	549.89	38.49	588.38	
30232	1048		50.84	777.09	cash
30233	250	598.12	41.87	639.99	
30234	901	383.68	26.86	410.54	cash
30235	54	678.02		725.48	
30236	987	897.04	62.79	959.8299999999999	card
30237	338	582.46	40.77	623.23	paypal
30238	1026		6.18	94.41	
30239	384	$772.25		826.31	card
30240	98		28.91	441.92	card
30241	1290	448.32		479.7	paypal
30242	514	108.24		115.82	card
30243	825	231.67	16.22	247.89	
30244	615	592.61	41.48	634.09	cash
30245	272	716.58	50.16	766.74	paypal
30246	569	269.14	18.84	287.97999999999996	cash
30247	921	654.04	45.78		
30248	141	793.89	55.57	849.46	cash
,,,
30250	255			267.5	
30251	1040	590.73	41.35	632.08	
30252	957		26.52	405.39	
30253	1075	292.6	20.48	313.08000000000004	cash
30254	113		35.26	538.96	paypal
30255	377	604.53	42.32		paypal
30256	139	766.85	53.68	820.53	card
30257	21	161.74		173.06	paypal
30258	1032	822.05	57.54	879.5899999999999	card
30259	366	516.09	36.13	552.22	
30260	1422	654.29	45.8		
30261	354	352.17	24.65		cash
30262	935		53.41	816.42	card
30263	919	218.01	15.26	233.26999999999998	paypal
30264	15	$225.6	15.79		
30265	759	805.21	56.36	861.57	card
30266	951	286.66	20.07	306.73	cash
30267	170		17.1	261.45	card
30268	179	421.69	29.52	451.21	cash
30269	1337	632.99	44.31	677.3	
30270	985	860.55	60.24	920.79	paypal
30271	414	632.58	44.28	676.86	paypal
30272	653	434.94	30.45		cash
30273	247	448.04	31.36	479.40000000000003	cash
30274	734		51.78	791.5	
30275	545	543.76		581.8199999999999	card
30276	429	784.47	54.91	839.38	
30277	123	541.06	37.87	578.93	card
30278	262	$60.11	4.21	64.32	cash
30279	924		15.12	231.18	
30280	1017	753.46	52.74	806.2	card
30281	304	153.26	10.73	163.98999999999998	cash
30282	3	546.42	38.25	584.67	cash
30283	801	444.72	31.13	475.85	cash
30284	419	430.99	30.17	461.16	card
30285	247	525.03	36.75	561.78	paypal
30286	183		5.0	76.47	cash
30287	506		18.08	276.35999999999996	cash
30288	1471	74.34	5.2	79.54	
30289	876		49.51	756.79	
30290	401	217.0	15.19	232.19	cash
30291	155	550.66	38.55	589.2099999999999	cash
30292	300	564.52		604.04	paypal
30293	612	144.12	10.09	154.21	cash
30294	125	241.04		257.90999999999997	
30295	676	292.26	20.46	312.71999999999997	
30296	279		60.78	929.06	cash
30297	206	722.57	50.58	773.1500000000001	
30298	1431	220.36	15.43	235.79000000000002	cash
30299	1333	62.12	4.35	66.47	
30300	1414	129.54	9.07	138.60999999999999	cash
30301	924	529.49	37.06	566.55	card
30302	440	854.31	59.8	914.1099999999999	paypal
30303	603		26.75	408.92	card
30304	725	628.77		672.78	paypal
30305	953		1.84	28.11	
30306	1048	162.1	11.35	173.45	
30307	1174	871.84	61.03	932.87	
30308	823		37.93	579.8199999999999	cash
30309	755	697.43	48.82	746.25	
30310	750	861.73	60.32	922.0500000000001	
30311	1040	123.08			
30312	786	659.52	46.17	705.6899999999999	
30313	830	539.87	37.79	577.66	paypal
30314	422	75.33			cash
30315	208	291.48	20.4		paypal
"unterminated,quote,here
30317	240	604.07		646.35	card
30318	642	139.14	9.74	148.88	
30319	1124	127.16		136.06	
30320	945	385.42	26.98	412.40000000000003	cash
30321	275	$330.95	23.17	354.12	cash
30322	1354	242.38	16.97	259.35	paypal
30323	658	595.55	41.69	637.24	cash
30324	698	31.74	2.22	33.96	
30325	1293		39.23	599.6800000000001	
30326	1426	622.16	43.55	665.7099999999999	card
30327	770	792.93	55.51	848.4399999999999	
30328	1128		9.55	146.01000000000002	paypal
30329	211	833.29	58.33		
30330	1230	369.8	25.89	395.69	paypal
30331	226	321.31	22.49	343.8	paypal
30332	589	358.26	25.08	383.34	card
30333	863	516.43	36.15	552.5799999999999	card
30334	1140	112.42	7.87	120.29	cash
30335	1186		48.53	741.87	cash
30336	1276	239.74	16.78		cash
30337	630	769.74	53.88	823.62	
30338	858	$648.8	45.42	694.2199999999999	card
30339	1431	534.24	37.4	571.64	cash
30340	1389	775.29	54.27	829.56	
30341	658	137.21		146.81	paypal
30342	288	458.62	32.1		cash
30343	181	835.2	58.46	893.6600000000001	
30344	906	583.88	40.87	624.75	cash
30345	954	643.4	45.04		
30346	1396	451.03	31.57	482.59999999999997	card
30347	725	621.32			paypal
30348	1105		50.25	768.16	paypal
30349	209	653.99	45.78		paypal
30350	951	21.05	1.47	22.52	
30351	515	56.76	3.97	60.73	card
30352	936	523.46	36.64	560.1	cash
30353	1460	65.63	4.59		paypal
30354	386	239.95	16.8	256.75	paypal
30355	110	576.59	40.36	616.95	
30356	1082	358.85	25.12		paypal
30357	1301			151.41	cash
30358	733	725.75	50.8	776.55	
30359	126	483.24	33.83	517.07	paypal
30360	8		1.03	15.68	cash
30361	1031		16.1	246.04	cash
30362	437	761.76	53.32	815.08	
30363	1104	126.82	8.88	135.7	card
30364	1346	241.14	16.88	258.02	card
30365	238	255.82	17.91	273.73	paypal
30366	1285	434.97	30.45	465.42	paypal
30367	639	21.98		23.52	cash
30368	955	135.92		145.42999999999998	card
30369	826	301.08	21.08	322.15999999999997	
30370	909		28.53	436.13	
30371	182	531.85	37.23	569.08	
30372	1137	81.87	5.73	87.60000000000001	paypal
30373	421	440.64		471.47999999999996	
30374	287	368.18	25.77	393.95	card
30375	320	660.59	46.24		card
30376	160	615.36	43.08	658.44	cash
30377	950	591.58		632.99	paypal
30378	1208	113.47	7.94	121.41	
30379	1127	110.55	7.74	118.28999999999999	paypal
30380	837	809.42	56.66	866.0799999999999	card
30381	999	604.81	42.34	647.15	cash
30382	655	801.59	56.11	857.7	card
30383	821	353.8	24.77	378.57	
30384	305	749.22	52.45		paypal
30385	659	98.81	6.92	105.73	
30386	463	$104.69	7.33	112.02	
30387	549	114.49	8.01	122.5	cash
30388	1223	626.9	43.88		cash
30389	382		33.96	519.11	
30390	1184	530.58	37.14	567.72	cash
30391	397	692.73	48.49	741.22	cash
30392	104	542.41	37.97	580.38	
30393	890	778.44	54.49	832.9300000000001	paypal
30394	118	530.66		567.81	paypal
30395	138	463.33	32.43	495.76	card
30396	1483	98.12		104.99000000000001	paypal
30397	384		19.35	295.83000000000004	card
30398	1131	807.64	56.53	864.17	paypal
30399	83	478.17	33.47	511.64	paypal
30400	1217	762.44		815.8100000000001	cash
30401	111	150.22	10.52	160.74	
30402	1222	282.47	19.77		card
30403	1230	665.77	46.6	712.37	paypal
30404	917	656.45	45.95	702.4000000000001	
30405	443	858.56	60.1	918.66	paypal
30406	213	896.92	62.78	959.6999999999999	cash
30407	371		46.51		card
30408	1068	428.82	30.02	458.84	paypal
30409	145	817.96	57.26	875.22	
30410	898			74.1	
30411	1443	340.91	23.86		paypal
30412	1208	198.64	13.9	212.54	card
30413	1246	366.64	25.66	392.3	
30414	1393		49.69	759.48	
30415	434	57.26	4.01	61.269999999999996	
30416	1262	431.33	30.19	461.52	card
30417	740		22.23	339.85	
30418	178	658.67	46.11		paypal
30419	50	887.5	62.13	949.63	cash
30420	772	96.17	6.73	102.9	card
30421	839	123.23	8.63	131.86	card
30422	1388	370.91		396.87	cash
30423	1229	72.86	5.1		card
30424	810	372.4	26.07	398.46999999999997	card
30425	652	218.28	15.28		paypal
30426	528	151.23	10.59	161.82	card
30427	917	54.5	3.82	58.32	paypal
30428	229		31.61	483.12	card
30429	1120	348.15	24.37	372.52	paypal
30430	696	344.33		368.43	cash
30431	1469	391.09	27.38		
30432	423	$857.01	59.99	917.0	card
30433	33	356.64	24.96	381.59999999999997	card
30434	1234	597.59	41.83	639.4200000000001	
30435	499	249.71	17.48	267.19	
30436	735	452.01	31.64	483.65	
30437	317	120.62	8.44	129.06	cash
30438	203		62.18	950.43	
30439	1114	652.58	45.68		
30440	144		27.28	416.98	card
30441	256	421.26	29.49	450.75	cash
30442	960	539.94	37.8	577.74	cash
30443	85	680.04	47.6	727.64	cash
30444	1373	$660.71	46.25	706.96	
30445	1419	719.08	50.34	769.4200000000001	paypal
30446	535	186.02		199.04000000000002	card
30447	372	417.92		447.17	
30448	676	41.6	2.91		
30449	109		54.34	830.5600000000001	card
30450	218	23.08		24.7	
30451	958	862.16	60.35	922.51	cash
30452	1327		0.61	9.35	card
30453	461	766.12	53.63	819.75	paypal
30454	1120	852.2	59.65	911.85	cash
30455	719		12.72	194.43	paypal
30456	1270	513.56	35.95	549.51	
30457	1127	409.86	28.69	438.55	cash
30458	1482	481.51	33.71	515.22	card
30459	375	10.07		10.77	paypal
30460	157	423.7		453.36	
30461	359	526.04	36.82	562.86	paypal
30462	965	655.82	45.91	701.73	paypal
30463	1407		33.39	510.39	
30464	750	697.36		746.1800000000001	
30465	1310	169.54	11.87	181.41	card
30466	339		11.1	169.72	card
30467	1239	554.56		593.38	paypal
30468	650	864.41	60.51	924.92	
30469	971		21.1	322.53000000000003	card
30470	739	381.28		407.96999999999997	
30471	729	822.45	57.57		
30472	578	296.31	20.74	317.05	paypal
30473	1028	50.26		53.78	
30474	152	760.33	53.22	813.5500000000001	
30475	1437	593.72	41.56		cash
30476	759	536.9	37.58	574.48	
30477	1234	272.48	19.07		card
30478	1331	464.8	32.54	497.34000000000003	cash
30479	1433	$410.83	28.76		paypal
30480	1164	566.88	39.68	606.56	
30481	656	651.02		696.59	cash
30482	228	206.84		221.32	
30483	926	381.51	26.71	408.21999999999997	
30484	1023		29.85		cash
30485	768		35.87	548.29	
30486	926	291.21	20.38	311.59	paypal
30487	1381	334.22	23.4	357.62	cash
30488	591	297.75	20.84		
30489	699	638.59	44.7	683.2900000000001	card
30490	417	119.58	8.37		cash
30491	381	127.6	8.93	136.53	
30492	1089	543.12	38.02	581.14	cash
30493	347		40.59	620.5	card
30494	1422	899.73	62.98	962.71	cash
30495	728	330.31	23.12	353.43	
30496	370	302.4	21.17	323.57	card
30497	1227	769.88	53.89		
30498	827	268.21	18.77	286.97999999999996	paypal
30499	790	895.38	62.68	958.06	
30500	574	861.46	60.3		cash
30501	1450	536.64	37.56	574.2	cash
30502	1469	477.99	33.46	511.45	paypal
30503	269		19.04	291.09000000000003	paypal
30504	810		25.58	390.96999999999997	cash
30505	1323	86.41	6.05	92.46	card
30506	469		16.97	259.45	cash
30507	760	607.82		650.37	
30508	437	576.87	40.38	617.25	card
30509	177	710.25	49.72	759.97	cash
30510	889	755.42	52.88	808.3	cash
30511	12		31.28		card
30512	490	813.85	56.97	870.82	paypal
30513	323	619.18	43.34	662.52	cash
30514	538	120.68		129.13	cash
30515	912	863.49	60.44	923.9300000000001	card
30516	863	245.25	17.17	262.42	
30517	845	564.27	39.5	603.77	card
30518	326		56.98	871.03	
30519	578	803.1	56.22	859.32	cash
30520	651	$297.4		318.21999999999997	card
30521	584	256.11	17.93	274.04	card
30522	576	602.33	42.16	644.49	paypal
30523	281	851.85		911.48	cash
30524	524	67.21	4.7	71.91	card
30525	2	746.45	52.25	798.7	cash
30526	253	802.85	56.2	859.0500000000001	
30527	238	107.27	7.51	114.78	card
30528	634	766.15	53.63	819.78	card
30529	826		42.64		card
30530	262	271.58	19.01	290.59	card
30531	1217	233.21	16.32	249.53	cash
30532	942	581.94	40.74		paypal
30533	1326	$162.65		174.04000000000002	
30534	21	197.04	13.79	210.82999999999998	cash
30535	1496	338.6	23.7	362.3	paypal
30536	88	327.51	22.93	350.44	paypal
30537	551	316.95		339.14	
30538	1185	41.0	2.87	43.87	paypal
30539	999	874.46	61.21		
30540	35	448.77		480.18	card
30541	680			617.22	cash
30542	848	587.47	41.12		card
30543	872	539.79	37.79	577.5799999999999	
30544	1266	671.75	47.02	718.77	
30545	943	118.89	8.32	127.21000000000001	paypal
30546	1417	437.49	30.62	468.11	
30547	1197	16.3	1.14		paypal
30548	653	740.11	51.81	791.9200000000001	cash
30549	788	788.16	55.17		cash
30550	359	339.99	23.8	363.79	paypal
30551	987		42.32	646.83	
30552	1269	765.03	53.55	818.5799999999999	card
30553	1434	96.51	6.76	103.27000000000001	
30554	907	410.02	28.7	438.71999999999997	
30555	1364	348.3		372.68	card
30556	663	121.27		129.76	cash
30557	1096	567.03	39.69	606.72	cash
30558	1352	459.07	32.13	491.2	card
30559	355	771.34	53.99	825.33	
30560	1201	782.35	54.76		
30561	1060	$201.29	14.09		card
30562	1100	298.91	20.92	319.83000000000004	
30563	79	18.86	1.32		
30564	1047		5.94	90.86	
30565	1247	408.05	28.56	436.61	
30566	686	134.75	9.43	144.18	cash
30567	218	257.69	18.04	275.73	cash
30568	578	835.31	58.47	893.78	card
30569	193	433.91	30.37	464.28000000000003	card
30570	141		53.02		paypal
30571	1036		58.83	899.2	cash
30572	1180	792.1	55.45	847.5500000000001	
30573	1249	82.21	5.75	87.96	card
30574	44		10.34	158.08	
30575	630		34.49	527.17	
30576	771	8.84	0.62	9.459999999999999	
30577	613	761.92	53.33	815.25	card
30578	423	$886.87	62.08	948.95	
30579	190	478.07			
30580	988		28.61	437.27000000000004	
30581	1321			929.2199999999999	
30582	786	89.68			
30583	158	258.96	18.13	277.09	paypal
30584	915			342.95	
30585	1292			365.26	cash
30586	883		8.81	134.64	paypal
30587	418		33.8	516.59	
30588	515	385.14		412.09999999999997	paypal
30589	1055	13.14	0.92	14.06	
30590	488	420.79	29.46	450.25	cash
30591	1115	407.73		436.27000000000004	paypal
30592	296	113.03	7.91	120.94	card
30593	1323	861.65	60.32		card
30594	1414	624.49	43.71	668.2	
30595	880	223.16	15.62	238.78	
30596	17	687.12	48.1	735.22	paypal
30597	471	44.21	3.09		cash
30598	1386		36.3	554.92	
30599	713	239.01	16.73	255.73999999999998	cash
30600	1460	255.85	17.91	273.76	
30601	525	351.47	24.6	376.07000000000005	paypal
30602	331			97.92	
30603	78	880.45	61.63	942.08	card
30604	502	875.25	61.27	936.52	
30605	1455	181.16	12.68	193.84	card
30606	511	750.25	52.52	802.77	cash
30607	1091	865.22	60.57	925.7900000000001	
30608	756	627.74		671.6800000000001	
30609	841	279.44	19.56	299.0	card
30610	535	70.23	4.92	75.15	card
,,,
30612	373	793.23	55.53	848.76	paypal
30613	80	726.26		777.1	paypal
30614	1410		40.76	623.08	card
30615	345	447.16	31.3	478.46000000000004	cash
30616	691	227.29	15.91	243.2	paypal
30617	1062	59.33	4.15	63.48	card
30618	1076	237.81	16.65	254.46	paypal
30619	630	491.89	34.43	526.3199999999999	cash
30620	503	213.87	14.97	228.84	card
30621	415	710.08		759.7900000000001	cash
30622	187	66.52	4.66	71.17999999999999	cash
30623	396	805.72	56.4		paypal
30624	535			622.73	
30625	1356			34.059999999999995	
30626	350	881.28	61.69	942.97	card
30627	158	747.62		799.95	paypal
30628	74	442.14		473.09	paypal
30629	1266	438.86	30.72	469.58000000000004	card
30630	1105	357.29	25.01	382.3	card
30631	847	197.32	13.81	211.13	
30632	438	419.8		449.19	
30633	1217	215.32	15.07	230.39	card
30634	868	443.03	31.01	474.03999999999996	
30635	1277	612.66	42.89	655.55	paypal
30636	848	548.2	38.37		paypal
30637	1146	19.44	1.36	20.8	
30638	129	27.68	1.94		
30639	1462	840.9	58.86	899.76	
30640	1163	357.25	25.01	382.26	paypal
30641	1323		55.68	851.05	card
30642	106	162.29	11.36	173.64999999999998	
30643	1144	25.04	1.75		card
30644	1181	635.61		680.1	cash
30645	508	494.65			paypal
30646	653		33.86	517.6	
30647	689	391.51	27.41	418.92	
30648	201	512.08		547.9300000000001	card
30649	1008	178.05	12.46	190.51000000000002	
30650	1013		36.31	555.0899999999999	cash
30651	789	23.28	1.63	24.91	cash
30652	58	236.51			
30653	166	$393.46	27.54	421.0	cash
30654	1477	503.34	35.23	538.5699999999999	
30655	215	277.34	19.41		paypal
"unterminated,quote,here
30657	338	583.96		624.84	paypal
30658	1239	149.09	10.44	159.53	cash
30659	359	317.11	22.2	339.31	paypal
30660	1181		61.05		paypal
30661	818	767.45	53.72		paypal
30662	989			119.28999999999999	cash
30663	331	184.54			paypal
30664	418	121.95	8.54		card
30665	343	197.61	13.83	211.44000000000003	cash
30666	736	821.35		878.84	
30667	907		38.82		paypal
30668	211	$624.68	43.73	668.41	
30669	888	579.55	40.57	620.12	cash
30670	1188	583.41	40.84	624.25	paypal
30671	617	693.34	48.53	741.87	
30672	770	383.33	26.83	410.15999999999997	paypal
30673	1210		17.61	269.24	paypal
30674	1082	121.53	8.51	130.04	
30675	447	865.34	60.57	925.9100000000001	paypal
30676	131	786.09	55.03	841.12	cash
30677	403	203.58	14.25	217.83	card
30678	1377	365.8	25.61	391.41	
30679	1468	206.48	14.45	220.92999999999998	cash
30680	752	9.29	0.65	9.94	card
30681	993	847.38	59.32	906.7	paypal
"unterminated,quote,here
30683	1251		22.46	343.32	
30684	1031	171.44	12.0	183.44	
30685	528	541.69	37.92	579.61	card
30686	28		35.95	549.49	cash
30687	1472	779.87	54.59	834.46	card
30688	434	798.76	55.91	854.67	
30689	1413	868.2		928.97	paypal
30690	321	288.8	20.22	309.02	paypal
30691	44	458.44	32.09	490.53	cash
30692	1133	106.37	7.45	113.82000000000001	
30693	912	260.67	18.25	278.92	cash
30694	233	695.79	48.71	744.5	paypal
30695	756	22.72	1.59		paypal
30696	206	616.16	43.13	659.29	paypal
30697	628	627.19	43.9	671.09	paypal
30698	1007	473.27	33.13		card
30699	1346	328.22	22.98	351.20000000000005	
30700	592		35.42	541.4499999999999	
30701	1137	855.57	59.89	915.46	paypal
30702	473		11.39	174.14999999999998	
30703	425	171.97		184.01	paypal
30704	1327	48.59		51.99	
30705	526	464.24	32.5	496.74	
30706	1070	897.15	62.8		paypal
30707	208	599.52	41.97	641.49	paypal
30708	271	6.46		6.91	
30709	1097	60.09	4.21	64.3	
30710	1118		39.21	599.33	card
30711	1434	397.26	27.81	425.07	paypal
30712	1158	613.05	42.91	655.9599999999999	cash
30713	1303	128.07	8.96		cash
30714	906	491.2	34.38		cash
30715	1496			237.3	
30716	861	894.43	62.61	957.04	cash
30717	716	808.56	56.6	865.16	
30718	1072		50.96		cash
30719	1005	625.69	43.8	669.49	cash
30720	757	511.46	35.8		
30721	432		61.31	937.0999999999999	
30722	397	382.92		409.72	cash
30723	174		56.81	868.4300000000001	cash
30724	151	849.21		908.6500000000001	
30725	669	328.84	23.02	351.85999999999996	
30726	92	571.31	39.99	611.3	cash
30727	1444	543.62	38.05	581.67	
30728	1416	797.53		853.36	card
30729	307	498.02	34.86	532.88	paypal
30730	60	487.91	34.15	522.0600000000001	
30731	647			304.92	paypal
30732	61	504.62	35.32	539.94	cash
30733	1198	776.68	54.37	831.05	
30734	218	782.77	54.79	837.56	paypal
30735	347	348.11	24.37	372.48	
30736	79	38.0		40.66	cash
30737	1139	629.33	44.05	673.38	paypal
30738	284	842.27	58.96	901.23	
30739	274	236.01	16.52	252.53	paypal
30740	383	337.94	23.66	361.6	
30741	237	501.43	35.1	536.53	
30742	127	128.41	8.99	137.4	card
30743	315		27.66	422.8	
30744	1085	321.06	22.47	343.53	card
30745	155	475.81	33.31	509.12	card
30746	1209	303.36	21.24	324.6	paypal
30747	790	30.86	2.16	33.019999999999996	cash
30748	1323	711.69		761.5100000000001	card
30749	1030	$475.43			
30750	1352	574.55	40.22	614.77	card
30751	228	402.89	28.2	431.09	card
30752	79		42.65	651.93	
30753	552	743.56	52.05		card
30754	222	169.19	11.84	181.03	
30755	1422		16.78		
30756	190	688.88	48.22	737.1	cash
30757	596		36.56	558.8199999999999	
30758	1337	895.42	62.68	958.0999999999999	
30759	41		7.09	108.33	cash
30760	94	247.17	17.3	264.46999999999997	card
30761	1298	637.64		682.27	
30762	131	535.91	37.51	573.42	
30763	167	682.63	47.78	730.41	card
30764	1203	809.32	56.65	865.97	card
30765	1315		54.17		paypal
30766	990		13.63	208.39	
30767	490	70.13		75.03999999999999	
30768	272	826.7		884.57	
30769	56	376.65	26.37	403.02	paypal
30770	1093	327.96		350.91999999999996	card
30771	580	770.11	53.91	824.02	paypal
30772	1469	46.32	3.24		cash
30773	65	895.16		957.8199999999999	
30774	1448	787.94	55.16		
30775	903	393.33	27.53	420.86	card
30776	972	$55.15	3.86	59.01	card
30777	94	10.71		11.46	paypal
,,,
30779	33	528.18	36.97	565.15	
30780	1299	513.81	35.97	549.78	paypal
30781	649	707.6		757.13	cash
30782	1332	865.21	60.56	925.77	
30783	1095	155.39	10.88	166.26999999999998	cash
BAD_ROW_WITH_TOO_FEW_COLS
30785	262	682.58		730.36	cash
30786	338	555.36	38.88	594.24	card
30787	64	864.6	60.52	925.12	card
30788	779		9.48	144.88	card
30789	1066	745.0	52.15	797.15	card
30790	391	701.1	49.08	750.1800000000001	
30791	635	749.34	52.45	801.7900000000001	cash
30792	561	666.1	46.63	712.73	card
30793	29	276.68	19.37	296.05	
30794	414		32.8	501.38	cash
30795	345	123.43	8.64	132.07	
BAD_ROW_WITH_TOO_FEW_COLS
30797	1306	761.64	53.31	814.95	card
30798	55	348.45		372.84	paypal
30799	775	828.74	58.01	886.75	paypal
30800	458	319.07	22.33	341.4	cash
30801	643	789.59		844.86	
30802	769	377.75	26.44	404.19	paypal
30803	79	614.52	43.02	657.54	
30804	384	740.41	51.83	792.24	cash
30805	1438	150.13		160.64	
30806	426	234.91	16.44	251.35	cash
30807	341	173.15	12.12	185.27	
30808	128	605.39	42.38	647.77	cash
30809	1138	$450.7	31.55	482.25	cash
30810	1059	155.76			paypal
30811	306	519.16	36.34	555.5	
30812	1313	785.96	55.02	840.98	
30813	488	598.32	41.88		cash
30814	362	673.93	47.18	721.1099999999999	cash
30815	902	443.27	31.03	474.29999999999995	
30816	824	133.29		142.62	
30817	1463			169.97	cash
30818	747	767.98		821.74	
30819	660	864.1		924.59	card
30820	50		12.84	196.22	cash
30821	1383	97.43	6.82	104.25	paypal
30822	1412	865.5	60.59	926.09	paypal
30823	1054	197.26	13.81	211.07	card
30824	177		58.92	900.65	cash
BAD_ROW_WITH_TOO_FEW_COLS
30826	1328	730.24	51.12	781.36	
30827	258	238.45	16.69	255.14	
30828	126	307.65	21.54	329.19	cash
30829	1007	461.47	32.3	493.77000000000004	
30830	269	768.07	53.76	821.83	
30831	5	152.47	10.67	163.14	paypal
30832	1270	643.09	45.02	688.11	paypal
30833	1361	92.37	6.47	98.84	cash
30834	916	227.9	15.95		card
30835	31	419.45	29.36	448.81	card
30836	1321	308.17	21.57	329.74	card
30837	602	880.08		941.69	
30838	202	298.41	20.89	319.3	cash
30839	626	$394.98	27.65		paypal
123|MISMATCH|EXTRA|COLS|HERE|oops
30841	123	665.24	46.57		cash
30842	512	261.57	18.31	279.88	cash
30843	260	830.08	58.11	888.19	
30844	230	$704.85	49.34	754.19	cash
30845	1109	8.04			cash
30846	575	895.88	62.71	958.59	cash
30847	1165	843.51			cash
30848	307	5.04	0.35	5.39	
30849	185	427.38	29.92	457.3	
30850	785	556.57	38.96	595.5300000000001	paypal
30851	677	175.04	12.25	187.29	
30852	144	740.22	51.82	792.0400000000001	paypal
30853	253		16.86	257.78	paypal
30854	291	536.75	37.57		cash
30855	717	445.12		476.28000000000003	paypal
30856	372	641.47	44.9	686.37	
30857	712	182.33	12.76	195.09	cash
30858	90	524.44	36.71	561.1500000000001	paypal
30859	507	554.5	38.82	593.32	card
30860	1242	402.02	28.14	430.15999999999997	paypal
30861	112	395.55	27.69	423.24	cash
30862	261	402.83	28.2	431.03	cash
30863	553	246.97	17.29	264.26	paypal
30864	338	887.26		949.37	
30865	1233	81.23	5.69	86.92	cash
30866	1253	124.24	8.7	132.94	cash
30867	254		39.11	597.76	
30868	1302	220.0		235.4	paypal
30869	352	705.52			
30870	481			425.74	paypal
30871	1349	$738.68	51.71	790.39	paypal
30872	885	784.94	54.95	839.8900000000001	
30873	870		0.95		
30874	1161	654.62	45.82	700.44	paypal
30875	1437		28.05		
30876	820	461.9	32.33	494.22999999999996	cash
30877	918	350.09	24.51	374.59999999999997	
30878	153	174.79	12.24		
30879	1038	169.92	11.89	181.81	paypal
,,,
30881	584	360.36	25.23	385.59000000000003	
30882	274	319.07			
30883	553	398.34	27.88	426.21999999999997	
30884	41			6.41	cash
30885	559	632.63	44.28	676.91	paypal
30886	37		38.36	586.42	cash
30887	64	27.65	1.94	29.59	paypal
30888	1177		24.89	380.43	card
30889	1174	397.58	27.83	425.40999999999997	card
30890	702	88.19	6.17		paypal
30891	412	284.46		304.37	
30892	1105		17.01	260.02	
30893	1416	195.33	13.67	209.0	
30894	164	256.49	17.95	274.44	
30895	769	$650.31	45.52	695.8299999999999	paypal
30896	540	299.82	20.99	320.81	cash
30897	1294	799.12	55.94	855.06	
30898	1047	435.43		465.91	
30899	80	751.2	52.58	803.7800000000001	card
30900	1224		50.47	771.52	
30901	385	624.38	43.71	668.09	card
30902	337	222.24		237.8	
30903	70	275.39	19.28		
30904	437	870.26	60.92	931.18	
30905	304	$817.3			
30906	985	473.22	33.13	506.35	card
"unterminated,quote,here
30908	159	897.23	62.81	960.04	card
30909	1272	395.07	27.65	422.71999999999997	paypal
30910	75	640.04	44.8	684.8399999999999	card
30911	1465		11.53	176.26	paypal
30912	1299	$40.94	2.87	43.809999999999995	card
30913	1436	$533.62	37.35	570.97	
30914	494		12.95	197.97	cash
30915	1096			223.14	
30916	162	444.71	31.13	475.84	
30917	90	669.4	46.86	716.26	card
30918	584	843.89	59.07	902.96	
30919	977	742.18	51.95	794.13	paypal
30920	1025	457.94	32.06	490.0	cash
30921	1361	$546.49	38.25	584.74	paypal
30922	522	586.99	41.09	628.08	
30923	1068		9.35	142.95	card
30924	463	7.63	0.53		cash
30925	600		36.79	562.3199999999999	
30926	185		39.32	601.0	
30927	646		41.86	639.92	
30928	933	159.09	11.14	170.23000000000002	paypal
30929	91	319.05	22.33	341.38	cash
30930	1332	208.27	14.58	222.85000000000002	card
30931	1321	64.19	4.49	68.67999999999999	paypal
30932	1086	252.89	17.7	270.59	
30933	911	81.58	5.71	87.28999999999999	
30934	1432	868.49	60.79	929.28	card
30935	185		47.06	719.28	paypal
30936	985		20.55	314.15000000000003	
30937	473	$531.57			paypal
30938	280	215.3	15.07	230.37	
30939	560	161.75	11.32	173.07	card
30940	808		48.71	744.5600000000001	paypal
30941	1445	314.16	21.99	336.15000000000003	
30942	544	841.67	58.92	900.5899999999999	
30943	336	$545.12	38.16	583.28	card
30944	1205	650.1	45.51	695.61	
30945	322	149.08	10.44		card
30946	250	109.06	7.63	116.69	paypal
30947	600	452.66	31.69	484.35	card
30948	1411		12.08	184.63000000000002	card
30949	1147	879.75	61.58	941.33	paypal
30950	297	222.5	15.58	238.08	card
30951	1040	520.84	36.46	557.3000000000001	card
30952	953	454.24	31.8	486.04	cash
30953	887	320.7	22.45	343.15	
30954	154	539.23	37.75	576.98	cash
30955	1357	481.8	33.73	515.53	cash
30956	189	393.56	27.55	421.11	card
30957	705	374.74	26.23	400.97	cash
30958	200	545.38	38.18	583.56	card
30959	1105	59.06	4.13		paypal
30960	1300	634.81	44.44	679.25	paypal
30961	113	688.64	48.2	736.84	cash
30962	221	493.17			paypal
30963	802	796.83	55.78	852.61	
30964	159	866.89	60.68	927.5699999999999	
30965	1093	453.74	31.76	485.5	card
30966	32	416.04	29.12	445.16	
30967	1253		39.36	601.69	cash
30968	288		58.71	897.46	
30969	827	696.18	48.73	744.91	paypal
30970	407	376.36	26.35		cash
30971	811		49.65	758.93	
30972	1481	126.77		135.64	paypal
30973	172	721.77		772.29	
30974	468	728.62	51.0	779.62	paypal
30975	35	222.79	15.6	238.39	
30976	324	78.89			
30977	882		34.62	529.24	card
30978	971	125.11	8.76	133.87	
30979	1129	$511.85		547.6800000000001	paypal
30980	1482	825.88		883.69	
30981	509	233.37	16.34		paypal
30982	758		23.18	354.34000000000003	paypal
30983	655	404.94	28.35	433.29	paypal
30984	320	710.62	49.74	760.36	card
30985	846	353.82	24.77	378.59	
30986	1244	668.12	46.77	714.89	card
30987	237	623.99	43.68	667.67	cash
30988	910		51.09	780.95	card
30989	389	19.09	1.34		
30990	708	564.16	39.49	603.65	
30991	949	723.06	50.61	773.67	
30992	134	444.56		475.68	paypal
30993	443	848.72	59.41	908.13	
30994	725	78.33	5.48	83.81	card
30995	594			66.96	
30996	254		16.23	248.14	paypal
30997	1417	73.04	5.11	78.15	
30998	44	660.67		706.92	paypal
30999	1343		30.68	468.97	
31000	747	349.94	24.5	374.44	card
31001	153	396.82	27.78	424.6	cash
31002	1422	632.25	44.26	676.51	paypal
31003	1201	$279.11	19.54	298.65000000000003	
31004	227	205.7		220.1	cash
31005	159	562.46		601.83	
31006	1359		20.3	310.24	cash
31007	734	$523.87	36.67	560.54	
31008	1491	453.51	31.75	485.26	paypal
31009	1354	283.67	19.86	303.53000000000003	paypal
31010	291	687.76	48.14	735.9	cash
31011	504	876.43	61.35	937.78	card
31012	834	46.31	3.24	49.550000000000004	
31013	695	629.33	44.05	673.38	paypal
31014	1474	92.71	6.49	99.19999999999999	card
31015	213	683.33	47.83	731.1600000000001	paypal
31016	6	300.15	21.01	321.15999999999997	card
31017	334	90.08	6.31	96.39	
31018	1460	440.33	30.82	471.15	paypal
31019	38		44.27	676.64	
31020	1010	730.71	51.15	781.86	
31021	761	694.11	48.59	742.7	cash
31022	939		9.84	150.35	cash
31023	1366	823.14		880.76	card
31024	715		41.55		
31025	632	332.85	23.3	356.15000000000003	paypal
31026	1168		31.65	483.82	
31027	696	452.96	31.71	484.66999999999996	cash
31028	865	577.18	40.4	617.5799999999999	cash
31029	217	727.42	50.92	778.3399999999999	paypal
31030	1124	87.93	6.16	94.09	
31031	56		21.45	327.87	card
31032	969	147.92		158.26999999999998	
31033	596	395.41	27.68	423.09000000000003	
31034	705	836.71	58.57	895.2800000000001	
31035	1322	99.05	6.93	105.97999999999999	
31036	1298	430.49	30.13		cash
31037	1089	710.76		760.51	cash
31038	1415	117.01	8.19	125.2	
31039	1065	285.26	19.97	305.23	paypal
31040	1189	673.09	47.12		
31041	808	41.08	2.88		card
31042	813	239.14	16.74	255.88	
31043	1072	420.18	29.41	449.59000000000003	
31044	624		45.99		
31045	1114		55.58	849.5200000000001	card
31046	255		44.57	681.2700000000001	
31047	343	855.76	59.9	915.66	
31048	721	844.43	59.11	903.54	card
31049	1224	197.55		211.38000000000002	paypal
31050	1384	545.06		583.2099999999999	
31051	662	216.77		231.94	cash
31052	15	286.89	20.08	306.96999999999997	card
31053	1287	263.96	18.48		
31054	1103	549.73	38.48		card
31055	1202	368.01	25.76	393.77	cash
31056	1286	51.39	3.6		
31057	1035	97.16		103.96	card
31058	143	193.7		207.26	
31059	1411	$254.9	17.84	272.74	paypal
31060	988	7.12	0.5	7.62	paypal
31061	1427	251.35	17.59	268.94	card
31062	584	830.51	58.14	888.65	cash
31063	1243	334.74	23.43	358.17	cash
31064	1195	268.93		287.76	card
31065	129		16.61	253.83999999999997	
31066	563	371.06	25.97	397.03	
31067	897	160.4	11.23	171.63	card
31068	757		10.6	161.98999999999998	
31069	1411	447.83	31.35	479.18	
31070	1410	296.64	20.76	317.4	
31071	1242	530.66		567.81	cash
"unterminated,quote,here
31073	513	549.55	38.47	588.02	card
31074	791	571.72	40.02	611.74	paypal
31075	1022	624.08	43.69		
31076	1274	338.55	23.7	362.25	
31077	717	645.29	45.17	690.4599999999999	
31078	1147	877.41	61.42	938.8299999999999	cash
31079	341	564.52	39.52	604.04	cash
31080	947	486.18	34.03	520.21	
31081	429	676.62	47.36	723.98	
31082	907	478.6	33.5	512.1	paypal
31083	995	251.96	17.64	269.6	
31084	705		51.77	791.3299999999999	
31085	602		12.81	195.8	paypal
31086	554	78.14	5.47		paypal
31087	255	804.82	56.34		
31088	1365	627.63	43.93	671.56	cash
31089	1353	294.87	20.64	315.51	
31090	258	711.54	49.81	761.3499999999999	
31091	345	683.31	47.83	731.14	
31092	26	794.44	55.61		
31093	503	357.03	24.99	382.02	paypal
31094	1362	112.7	7.89		paypal
31095	313	405.84	28.41	434.25	
31096	997	221.25	15.49	236.74	
31097	864	126.33	8.84		paypal
31098	1499	129.64	9.07	138.70999999999998	
31099	444	183.87			paypal
31100	1099	671.36	47.0	718.36	paypal
31101	117		13.63		
31102	207	558.14	39.07	597.21	cash
31103	1019	788.8	55.22		cash
31104	1	294.01	20.58	314.59	paypal
31105	1097	201.01	14.07	215.07999999999998	paypal
31106	678	559.28	39.15	598.43	
31107	1113	647.83	45.35	693.1800000000001	cash
31108	789	428.04	29.96	458.0	paypal
31109	73	66.98	4.69	71.67	
31110	1442	154.56	10.82		card
31111	740	335.48		358.96000000000004	card
31112	1210	509.48	35.66	545.14	
31113	980	424.37	29.71	454.08	paypal
31114	791		2.63		cash
31115	409	350.35	24.52	374.87	
31116	838		50.15	766.61	
31117	323	740.09	51.81	791.9000000000001	card
31118	596	303.96	21.28	325.24	
31119	630		51.89	793.21	cash
31120	710	499.74	34.98	534.72	
31121	762			730.0	card
BAD_ROW_WITH_TOO_FEW_COLS
,,,
31124	158	854.42	59.81	914.23	cash
31125	559	790.65	55.35		cash
31126	1175	609.28	42.65	651.93	
31127	1388	812.3	56.86	869.16	
31128	968	539.53	37.77	577.3	
31129	874	446.09	31.23	477.32	
31130	1110	363.89	25.47	389.36	paypal
31131	886	274.66	19.23	293.89000000000004	card
31132	1145		24.24		card
31133	1105		30.82		cash
31134	553		23.81	363.92	cash
31135	124	458.92	32.12	491.04	paypal
31136	1264	338.69	23.71	362.4	paypal
31137	1448	141.48	9.9	151.38	card
31138	359	848.33	59.38	907.71	paypal
31139	652	560.97	39.27	600.24	
31140	1300	524.58	36.72	561.3000000000001	paypal
31141	637	451.62	31.61		
BAD_ROW_WITH_TOO_FEW_COLS
31143	132	210.55	14.74	225.29000000000002	cash
31144	1145	852.72	59.69	912.4100000000001	
31145	1109	75.66	5.3	80.96	
31146	811	328.67		351.68	
31147	573	641.51	44.91	686.42	card
31148	802	694.57	48.62	743.19	card
31149	1374		26.87	410.75	card
31150	17	813.91		870.88	paypal
31151	1085	387.41	27.12		
31152	147	103.07	7.21	110.27999999999999	card
31153	1279	722.05	50.54	772.5899999999999	cash
31154	219	11.82	0.83	12.65	card
31155	295	827.77	57.94	885.71	
31156	772	864.32		924.82	
31157	1361	820.01	57.4	877.41	cash
31158	476	682.68	47.79	730.4699999999999	
31159	1470		31.09	475.21	paypal
31160	1024	731.74	51.22	782.96	cash
31161	337	557.83		596.88	card
31162	1477	725.97	50.82	776.7900000000001	paypal
31163	534	288.37	20.19		
31164	1168		55.86	853.87	paypal
31165	542	162.95	11.41	174.35999999999999	cash
31166	638	398.46	27.89		paypal
31167	518	777.2	54.4	831.6	paypal
31168	1013		8.55	130.76	cash
31169	527	87.67	6.14	93.81	
31170	790		43.73	668.5	
31171	1125	744.82	52.14	796.96	paypal
31172	985	448.0	31.36	479.36	card
31173	1332	222.34	15.56	237.9	cash
31174	567	813.43	56.94	870.3699999999999	cash
31175	305	37.47	2.62	40.089999999999996	
31176	919	102.82	7.2		cash
31177	819				
31178	77	595.25	41.67	636.92	cash
31179	412	103.12	7.22	110.34	
31180	54	533.65	37.36		paypal
31181	1244	$431.7	30.22	461.91999999999996	
31182	1269	678.21			card
31183	907	487.44	34.12	521.56	
"unterminated,quote,here
31185	806	786.58	55.06	841.6400000000001	paypal
31186	1477	624.83	43.74	668.57	card
31187	1058		12.2		paypal
31188	1125	495.77	34.7	530.47	
31189	189	639.65		684.43	
31190	76			416.22	paypal
31191	1143	815.38	57.08	872.46	
31192	1487	227.59	15.93	243.52	paypal
31193	226	16.78	1.17	17.950000000000003	
31194	422	578.7	40.51	619.21	card
31195	731	108.37	7.59		
31196	369	125.72	8.8		
31197	1185			247.24	paypal
31198	1299		3.81	58.230000000000004	paypal
31199	124	176.98	12.39	189.37	
31200	1429	483.93	33.88	517.8100000000001	cash
31201	1094	625.86	43.81		cash
31202	329	227.94		243.9	cash
31203	1142	523.85	36.67	560.52	
31204	589	823.76	57.66		card
31205	409		43.92	671.3299999999999	
31206	282	642.35	44.96	687.3100000000001	card
31207	454	593.2	41.52		card
31208	255	73.13	5.12		
31209	185	500.22	35.02	535.24	card
31210	365			879.65	paypal
31211	1065	838.3	58.68	896.9799999999999	cash
31212	1181	$687.72	48.14	735.86	paypal
31213	1167	728.8			card
31214	365	419.92	29.39		
31215	760	722.89		773.49	paypal
31216	432		5.4		paypal
31217	199	397.85	27.85	425.70000000000005	cash
31218	1305	116.95	8.19	125.14	card
31219	488	813.21	56.92	870.13	paypal
31220	992	409.34	28.65	437.98999999999995	card
31221	1389	76.04	5.32	81.36000000000001	cash
31222	759		51.12	781.42	paypal
31223	41		12.02	183.77	paypal
31224	410	450.42	31.53		
31225	1229	212.77	14.89	227.66000000000003	
31226	623	167.16	11.7	178.85999999999999	
31227	155	470.88			
31228	1069	808.27	56.58	864.85	cash
31229	182	754.13	52.79	806.92	
31230	643	578.02	40.46	618.48	card
31231	98	$686.98	48.09	735.07	
31232	878	262.06	18.34	280.4	card
31233	1188	292.01	20.44	312.45	card
31234	1331	596.96	41.79	638.75	cash
31235	1342	531.25	37.19	568.44	
31236	1267		17.9	273.64	cash
123|MISMATCH|EXTRA|COLS|HERE|oops
31238	559		62.02	948.05	cash
31239	342	515.32	36.07		paypal
31240	72	282.62	19.78	302.4	card
31241	856		24.49	374.41	
31242	923	662.15	46.35	708.5	paypal
31243	794	305.34	21.37	326.71	
31244	658	380.15	26.61	406.76	cash
31245	122	118.34	8.28	126.62	
31246	1271	302.73	21.19	323.92	card
31247	440	439.82	30.79	470.61	card
31248	49	749.39		801.85	card
31249	811		55.26	844.65	cash
31250	782	490.85	34.36	525.21	card
31251	544	798.25	55.88	854.13	cash
31252	516		25.24		card
31253	413	336.62	23.56	360.18	
31254	766	314.48	22.01	336.49	cash
31255	1425	479.28	33.55	512.8299999999999	cash
31256	418	721.43		771.93	
31257	52	228.4	15.99	244.39000000000001	cash
31258	618	483.36	33.84	517.2	
31259	594	206.35	14.44	220.79	paypal
31260	231	788.16	55.17	843.3299999999999	
31261	450	752.55	52.68		
31262	1073	11.81	0.83		paypal
31263	190	99.29	6.95	106.24000000000001	card
31264	214	683.71	47.86	731.57	card
31265	1236		62.19	950.6600000000001	cash
31266	753	20.0	1.4	21.4	paypal
31267	1230	762.69	53.39	816.08	paypal
31268	868	96.32	6.74	103.05999999999999	cash
31269	1075	269.32	18.85	288.17	
31270	536		16.61		
31271	492	765.09	53.56	818.6500000000001	paypal
31272	860	73.14	5.12	78.26	cash
31273	997		51.34	784.75	paypal
31274	997	$284.48	19.91	304.39000000000004	paypal
31275	1444	650.49	45.53	696.02	paypal
31276	1041	99.38	6.96	106.33999999999999	card
31277	1105	694.47			
31278	579		51.79	791.5899999999999	cash
31279	13	792.92	55.5	848.42	paypal
31280	1213	477.78	33.44	511.21999999999997	cash
31281	311	415.29		444.36	cash
31282	807	$467.36	32.72	500.08000000000004	
31283	109	255.91	17.91	273.82	cash
31284	1481	521.77	36.52		
31285	604	176.63		188.99	
31286	1445	524.48	36.71		cash
31287	1073	131.47	9.2	140.67	
31288	601	321.88	22.53	344.40999999999997	card
31289	475	125.01		133.76	paypal
31290	246	576.03	40.32	616.35	card
31291	410	212.05	14.84	226.89000000000001	
31292	555	12.27	0.86	13.129999999999999	cash
31293	384	453.67	31.76	485.43	card
31294	636	196.31	13.74	210.05	paypal
31295	1396	330.46	23.13	353.59	card
31296	1288	698.01	48.86	746.87	
31297	1429	840.84			
31298	1275	345.64	24.19	369.83	
31299	312	820.92	57.46	878.38	cash
31300	672	535.67	37.5	573.17	cash
31301	80	17.5	1.23	18.73	card
31302	104	86.42		92.47	card
31303	630	90.63	6.34	96.97	
31304	215		62.08	948.9300000000001	
31305	893	688.25	48.18	736.43	cash
31306	647	283.11	19.82	302.93	
31307	1319	709.64	49.67	759.31	paypal
31308	1424	473.04	33.11	506.15000000000003	card
31309	96	292.12	20.45	312.57	
31310	528	$174.49	12.21	186.70000000000002	paypal
31311	74		21.39	327.01	card
31312	27	519.19	36.34	555.5300000000001	paypal
31313	721	63.82	4.47	68.29	
31314	104	498.37	34.89	533.26	paypal
31315	83	145.53		155.72	paypal
31316	683		2.61	39.96	
31317	200	558.85	39.12	597.97	card
31318	299	880.67	61.65	942.3199999999999	paypal
31319	395	387.76		414.9	cash
31320	1480			933.31	paypal
31321	677	478.91		512.4300000000001	cash
31322	1127	797.02	55.79	852.81	
31323	63	51.71	3.62	55.33	cash
31324	654	426.17	29.83	456.0	paypal
31325	648			750.2	
31326	628	186.19		199.22	card
31327	211	654.87	45.84	700.71	cash
31328	1416	786.77	55.07	841.84	card
31329	194	706.32	49.44	755.76	
31330	546	542.98	38.01		cash
31331	425	62.72	4.39	67.11	cash
31332	897	782.0	54.74	836.74	paypal
31333	565	650.41	45.53	695.9399999999999	
31334	775	735.81	51.51	787.3199999999999	cash
31335	116	546.65	38.27	584.92	
31336	829	695.62	48.69	744.31	card
31337	1008	106.37			cash
31338	81		32.23	492.67	cash
31339	549	189.88	13.29	203.17	card
31340	1121	7.79	0.55	8.34	
31341	452		60.82	929.73	
31342	1359		35.6	544.11	
31343	1224	678.17	47.47	725.64	
31344	525	466.9	32.68	499.58	
31345	1415	786.4	55.05	841.4499999999999	
31346	626	793.81	55.57	849.38	paypal
31347	1		44.81	685.0	
31348	454	660.38	46.23	706.61	paypal
31349	1415	663.53	46.45	709.98	
31350	682	411.77	28.82	440.59	cash
31351	1191	169.6	11.87	181.47	cash
31352	1130		38.15	583.17	
31353	1383	820.64	57.44		
31354	962	336.69	23.57	360.26	card
31355	323	834.82	58.44	893.26	cash
31356	1356	155.48	10.88	166.35999999999999	paypal
31357	329	452.04	31.64	483.68	
31358	676	416.99	29.19	446.18	cash
31359	1123	603.09	42.22		
31360	236	50.3	3.52	53.82	paypal
31361	279	633.5	44.35	677.85	
31362	1093	23.26	1.63	24.89	paypal
31363	1114	391.37	27.4	418.77	card
31364	439	648.95		694.38	card
31365	335	676.94	47.39	724.33	paypal
31366	779	186.67		199.73999999999998	
31367	943	689.33	48.25	737.58	paypal
31368	669	475.48	33.28	508.76	paypal
31369	1416	396.71	27.77	424.47999999999996	
31370	1374	361.36	25.3	386.66	cash
BAD_ROW_WITH_TOO_FEW_COLS
31372	1406	128.09	8.97	137.06	
31373	66	$587.98	41.16	629.14	
31374	525		18.87	288.45	
31375	1140	249.86	17.49	267.35	card
31376	473	649.66	45.48		
31377	1237	409.28		437.92999999999995	paypal
31378	679	350.13	24.51	374.64	paypal
31379	227	561.96	39.34	601.3000000000001	
31380	638	532.87		570.17	paypal
31381	427		14.84	226.82	cash
31382	1458	245.07	17.15	262.21999999999997	cash
31383	691	456.02	31.92	487.94	
31384	31	673.48	47.14	720.62	paypal
31385	548	$254.1	17.79	271.89	cash
31386	321	623.85	43.67	667.52	card
31387	841	246.89	17.28	264.16999999999996	
31388	1111		12.7	194.06	paypal
31389	200	430.98	30.17	461.15000000000003	cash
31390	339	410.92	28.76	439.68	cash
31391	85	532.33	37.26		
31392	561	190.32	13.32	203.64	card
31393	1423	596.46	41.75	638.21	
31394	1064	139.9		149.69	cash
31395	1185	159.69		170.87	
31396	896		28.73	439.22	
31397	1231	68.91			paypal
31398	1065	436.86		467.44	
31399	1296	$491.91		526.34	
31400	264		54.98	840.35	
123|MISMATCH|EXTRA|COLS|HERE|oops
31402	54	239.42		256.18	paypal
31403	937	392.96	27.51	420.46999999999997	
31404	1269		26.91	411.33000000000004	cash
31405	28		3.95	60.42	paypal
31406	1091		48.66	743.75	card
31407	566	193.68	13.56	207.24	cash
31408	438	339.07		362.8	
31409	1221	282.05		301.79	paypal
31410	445	93.82	6.57	100.38999999999999	cash
31411	1092	600.62	42.04		cash
31412	1050	329.8	23.09	352.89	
31413	523	181.19	12.68		card
31414	87	646.79	45.28		card
31415	891	133.17	9.32	142.48999999999998	cash
31416	905	833.27	58.33	891.6	paypal
31417	877	69.21		74.05	
31418	909	510.41	35.73	546.14	card
31419	1075	165.03	11.55	176.58	
31420	685	784.01	54.88		
31421	1223	260.74	18.25	278.99	
31422	705		55.71	851.62	card
31423	784	$406.97	28.49	435.46000000000004	
31424	961	439.99	30.8		paypal
31425	1168	60.54	4.24	64.78	card
31426	484			226.74	cash
31427	1418	519.9	36.39	556.29	paypal
31428	1002	$179.38	12.56		
31429	1088	496.9	34.78	531.68	card
31430	470	625.55	43.79	669.3399999999999	cash
31431	972	29.15	2.04	31.189999999999998	cash
31432	884	796.87	55.78	852.65	cash
31433	192	670.38	46.93		
31434	1076	172.69	12.09	184.78	
31435	621	577.65	40.44		card
31436	1195	218.11	15.27	233.38000000000002	
31437	998	724.4	50.71	775.11	paypal
31438	1230	91.23	6.39		cash
31439	1154	232.52	16.28	248.8	
31440	1355	842.29	58.96	901.25	
31441	1083	111.68	7.82	119.5	paypal
31442	840	871.68	61.02	932.6999999999999	paypal
31443	390		50.17	766.86	paypal
31444	715	376.64	26.36	403.0	
31445	660			814.18	
31446	147	263.98	18.48	282.46000000000004	
31447	1145	552.03	38.64	590.67	paypal
31448	864		26.67	407.7	
31449	702	852.7	59.69	912.3900000000001	cash
31450	552	619.01	43.33	662.34	cash
31451	134	577.99	40.46	618.45	cash
31452	722		42.56		cash
31453	97	94.19	6.59	100.78	cash
31454	74		32.08	490.39	cash
31455	1426	872.75	61.09	933.84	card
31456	1150		21.61	330.33000000000004	
31457	1411	289.37	20.26	309.63	card
31458	65	$574.26	40.2	614.46	
31459	674	55.34			
31460	847	376.09	26.33		
31461	83	646.62	45.26	691.88	
31462	1004	726.7	50.87	777.57	
31463	1008	842.26	58.96	901.22	
31464	1207		37.15	567.8299999999999	paypal
31465	271	370.06	25.9		card
31466	853	625.66	43.8	669.4599999999999	cash
31467	980	526.54	36.86		card
31468	967	234.73	16.43	251.16	
31469	458	809.07	56.63		
31470	832	350.54	24.54	375.08000000000004	paypal
31471	776	841.93		900.8699999999999	
31472	464	892.5	62.48	954.98	cash
31473	483	50.23		53.75	
31474	798	$882.48	61.77	944.25	
31475	899	734.74	51.43		card
31476	850	841.55	58.91	900.4599999999999	
31477	669	127.12	8.9		cash
31478	705	141.5		151.41	
31479	726	805.07	56.35	861.4200000000001	card
31480	821		3.32	50.81	
31481	898	588.72		629.9300000000001	paypal
31482	34	539.28	37.75		card
31483	1131	551.03	38.57	589.6	
31484	660	43.48		46.519999999999996	card
31485	1500	$688.97	48.23	737.2	
31486	1243	461.55	32.31	493.86	card
31487	122	205.82	14.41	220.23	card
31488	1151	490.31		524.63	paypal
31489	1277		11.57	176.81	cash
31490	1339		41.07	627.7700000000001	paypal
31491	286			941.04	paypal
31492	1111	779.0	54.53	833.53	paypal
31493	101	770.11	53.91	824.02	paypal
31494	1352	309.05	21.63	330.68	cash
31495	432	12.33	0.86		card
31496	731		15.69	239.79	cash
31497	1069	586.91	41.08		cash
31498	593	858.71	60.11	918.82	
31499	877	58.2	4.07		
BAD_ROW_WITH_TOO_FEW_COLS
31501	950	559.62		598.79	cash
31502	1336	252.14	17.65	269.78999999999996	
31503	380	146.8	10.28	157.08	paypal
31504	763	271.64		290.65	paypal
31505	1164	808.57	56.6	865.1700000000001	card
31506	66		0.75	11.48	cash
31507	1475	236.11	16.53	252.64000000000001	
31508	277	54.26	3.8	58.059999999999995	
31509	1217	525.78		562.5799999999999	
31510	62	742.5		794.48	cash
31511	123	744.34	52.1	796.44	paypal
31512	553				
31513	904				
31514	733	536.39	37.55		paypal
31515	1006	198.17	13.87	212.04	paypal
31516	779	786.74			cash
31517	506	432.03	30.24	462.27	card
31518	1281	543.54	38.05	581.5899999999999	
31519	177	551.67	38.62	590.29	
31520	1346	68.67	4.81	73.48	paypal
31521	1292	94.92	6.64	101.56	cash
31522	1149	131.69	9.22	140.91	paypal
31523	1386	857.09	60.0	917.09	
31524	706	582.14	40.75	622.89	
31525	1405	603.56	42.25	645.81	cash
31526	592		12.02	183.74	cash
31527	362	808.97	56.63	865.6	
31528	859	870.91	60.96	931.87	
31529	311		33.11	506.11	card
31530	990	42.91	3.0	45.91	card
31531	1009	8.07	0.56	8.63	card
31532	1220	636.16	44.53	680.6899999999999	
31533	965	865.57	60.59	926.1600000000001	
31534	265	81.72	5.72	87.44	cash
31535	525		33.99		cash
31536	377	401.53	28.11	429.64	paypal
31537	1276	562.9	39.4	602.3	
31538	1153		55.87	853.99	
31539	354	100.02	7.0	107.02	
31540	1133	39.59	2.77	42.36000000000001	card
31541	811		37.2	568.5600000000001	cash
31542	696	399.44	27.96	427.4	cash
31543	1324		39.36	601.65	cash
31544	798	540.78	37.85	578.63	paypal
31545	949	171.53	12.01	183.54	
31546	569	610.27	42.72	652.99	card
31547	706	391.16	27.38	418.54	
31548	712	19.58	1.37	20.95	cash
31549	902	332.98	23.31	356.29	cash
31550	918	55.78	3.9	59.68	
31551	536		43.64		
31552	122	67.7	4.74		
31553	1372		25.12	383.98	card
31554	860	597.51	41.83	639.34	paypal
31555	1494	87.13	6.1	93.22999999999999	
31556	714	92.02	6.44	98.46	cash
31557	1228	857.89	60.05		cash
31558	308	642.68	44.99	687.67	
31559	82	190.96	13.37		cash
31560	1350	696.14	48.73	744.87	paypal
31561	849	570.94	39.97		card
31562	84	660.06	46.2		paypal
31563	886	609.04	42.63	651.67	
31564	1080	20.99	1.47	22.459999999999997	
31565	955	632.64	44.28	676.92	cash
31566	462	328.76	23.01	351.77	paypal
31567	198	650.62		696.16	cash
31568	436		19.82	303.02	
31569	1052	457.87	32.05	489.92	card
31570	795	$899.62	62.97		cash
31571	277	780.75	54.65	835.4	card
31572	372	386.4	27.05		paypal
31573	931	387.68		414.82	
31574	606		18.57	283.84999999999997	
31575	764		57.47	878.5	cash
31576	1350	664.46	46.51	710.97	
31577	663	391.32	27.39		cash
31578	1461	730.29	51.12	781.41	
31579	1485		50.04	764.9499999999999	
31580	1246	572.31	40.06	612.3699999999999	
31581	884	863.76	60.46	924.22	card
31582	611	869.96	60.9	930.86	cash
31583	1148	$645.48	45.18	690.66	
31584	792	449.48	31.46	480.94	
31585	761	639.37	44.76	684.13	cash
31586	556	821.23	57.49	878.72	paypal
31587	683		7.54	115.28	
31588	764	245.23	17.17	262.4	card
31589	341	223.33	15.63	238.96	paypal
31590	1472		20.58	314.56	paypal
31591	719	139.87	9.79	149.66	
31592	1169	524.0	36.68		paypal
31593	426	896.62	62.76	959.38	card
31594	903		20.06	306.6	
31595	796	630.52	44.14	674.66	paypal
31596	615	503.12	35.22	538.34	card
31597	960	484.78	33.93	518.7099999999999	cash
31598	422	593.13	41.52	634.65	card
31599	1442	425.07	29.75	454.82	cash
31600	612	878.58	61.5	940.08	card
31601	154	167.08	11.7	178.78	
31602	1058	312.89		334.78999999999996	
31603	202	578.28	40.48	618.76	paypal
31604	252	358.39	25.09	383.47999999999996	cash
31605	1010	406.21	28.43	434.64	paypal
31606	653	156.58	10.96	167.54000000000002	paypal
31607	455	435.78	30.5	466.28	
31608	1475	220.85	15.46		card
BAD_ROW_WITH_TOO_FEW_COLS
BAD_ROW_WITH_TOO_FEW_COLS
31611	225	343.93	24.08	368.01	paypal
31612	303	13.59	0.95	14.54	card
31613	500	646.19	45.23	691.4200000000001	card
31614	1187	101.94	7.14	109.08	cash
31615	1003	878.94	61.53		
31616	15	445.54	31.19	476.73	card
31617	1281	621.83	43.53	665.36	card
31618	1153	347.05	24.29	371.34000000000003	card
31619	76		25.42	388.61	card
31620	637	723.53	50.65	774.18	
31621	430	460.26	32.22	492.48	cash
31622	865	100.18	7.01		
31623	489	182.59	12.78	195.37	
31624	403	39.29		42.04	card
31625	759	664.97	46.55	711.52	card
31626	694	634.9	44.44	679.3399999999999	
31627	1160	167.42	11.72	179.14	card
31628	844	240.33			
31629	183		8.88	135.72	
31630	79	733.7	51.36	785.0600000000001	cash
31631	512	233.06	16.31	249.37	
31632	333	699.91	48.99	748.9	card
31633	1389		60.01		cash
31634	114	486.43	34.05	520.48	card
31635	530	599.89	41.99	641.88	cash
31636	834	217.0	15.19	232.19	
31637	460	43.34	3.03	46.370000000000005	card
31638	487	543.95	38.08	582.0300000000001	
31639	410	224.82	15.74	240.56	cash
31640	1492	$609.21	42.64	651.85	
31641	698	842.95	59.01	901.96	
31642	936	544.64	38.12	582.76	cash
31643	1387	765.18	53.56	818.74	cash
31644	1176	236.97	16.59	253.56	
31645	1040	85.45	5.98	91.43	cash
31646	394		52.56	803.3599999999999	
31647	1023	801.34	56.09	857.4300000000001	
31648	1017	136.73	9.57	146.29999999999998	card
31649	1016	439.51	30.77		card
31650	230	282.95	19.81	302.76	card
31651	175	893.14	62.52	955.66	
31652	1493	649.34	45.45		
31653	984	885.87	62.01	947.88	cash
31654	701		51.3	784.14	card
31655	1254	674.57		721.7900000000001	cash
31656	328	265.73	18.6	284.33000000000004	cash
31657	745	763.55	53.45	817.0	
31658	328	498.3	34.88	533.1800000000001	
31659	864	$329.76	23.08	352.84	
31660	540	764.17	53.49		paypal
31661	54		1.78		cash
31662	836	134.48		143.89	cash
31663	1119	859.91		920.0999999999999	
31664	157	132.97	9.31	142.28	cash
31665	1065	539.44	37.76	577.2	card
31666	1013	510.87	35.76	546.63	card
31667	1257	437.16	30.6	467.76000000000005	card
31668	953	244.68	17.13	261.81	paypal
31669	559	572.58	40.08	612.6600000000001	paypal
31670	381	461.3	32.29	493.59000000000003	
31671	700	157.81	11.05		
31672	639		55.9	854.4	
31673	417	47.8	3.35	51.15	
31674	1109	667.39		714.11	
31675	255	801.95	56.14	858.09	cash
31676	1480	694.71	48.63	743.34	paypal
31677	174		26.86	410.6	paypal
31678	110	625.56	43.79	669.3499999999999	
31679	1069	72.73	5.09	77.82000000000001	cash
31680	525			619.3299999999999	card
31681	460	573.8	40.17	613.9699999999999	paypal
31682	750	63.44	4.44	67.88	card
31683	362	401.94	28.14	430.08	cash
31684	551				
31685	523		27.09	414.04999999999995	cash
31686	756		9.73	148.73999999999998	
31687	749		41.92	640.8299999999999	
31688	40	186.72	13.07	199.79	
31689	1285	425.12	29.76	454.88	
31690	1132	8.22	0.58	8.8	
31691	1487	216.19	15.13	231.32	
31692	1284	690.01	48.3		card
31693	1232				
31694	198		49.89	762.55	card
31695	932	582.0	40.74	622.74	
31696	909	$596.76	41.77		
31697	1329	230.45	16.13	246.57999999999998	cash
31698	91		56.4	862.18	cash
31699	1038	506.47	35.45	541.9200000000001	cash
31700	1001	32.69	2.29	34.98	card
31701	1380	520.83		557.2900000000001	card
BAD_ROW_WITH_TOO_FEW_COLS
123|MISMATCH|EXTRA|COLS|HERE|oops
31704	308	364.82	25.54	390.36	paypal
31705	903	35.49		37.97	cash
31706	987	276.73	19.37	296.1	
31707	551	300.45	21.03	321.48	paypal
31708	126	229.55	16.07	245.62	card
31709	130	729.79		780.88	cash
31710	834	721.77	50.52	772.29	paypal
31711	1443	580.8	40.66	621.4599999999999	paypal
31712	1095	814.19	56.99	871.1800000000001	
31713	1024	14.68	1.03	15.709999999999999	card
31714	1293	$372.6	26.08	398.68	paypal
31715	1100	47.44	3.32	50.76	card
31716	673	384.26		411.15999999999997	
31717	466	673.37	47.14	720.51	
31718	70		26.7	408.18	card
31719	293	210.98	14.77	225.75	card
31720	1350	886.5	62.06	948.56	paypal
31721	1011	550.04	38.5	588.54	
31722	1473	549.22	38.45	587.6700000000001	
31723	630	593.3	41.53		cash
31724	395	9.4	0.66	10.06	
31725	350	116.04		124.16000000000001	paypal
31726	283		38.68	591.31	paypal
31727	1421	798.17	55.87	854.04	
31728	172		13.68	209.08	cash
31729	1151	354.2	24.79	378.99	paypal
31730	1307	239.33	16.75		
31731	1375	206.96	14.49		
31732	1213	814.82	57.04	871.86	
31733	871	296.85	20.78	317.63	card
31734	200	53.31	3.73	57.04	
31735	66	126.95	8.89		paypal
31736	741	623.84	43.67	667.51	
31737	265	278.47	19.49	297.96000000000004	paypal
31738	814	90.11		96.42	paypal
31739	1202	$117.64	8.23	125.87	card
31740	674	575.21	40.26	615.47	
31741	1359	412.36	28.87	441.23	
31742	463	268.68	18.81	287.49	
31743	1100	734.49	51.41		paypal
31744	1395	176.32	12.34	188.66	
31745	464	626.68	43.87	670.55	
31746	72	31.27	2.19	33.46	cash
31747	898	268.3	18.78	287.08000000000004	
31748	607	91.74	6.42	98.16	
31749	549	692.24	48.46	740.7	paypal
31750	905	93.16	6.52	99.67999999999999	paypal
31751	1356	418.26		447.53999999999996	
31752	849	851.05	59.57		paypal
31753	983	510.98		546.75	card
31754	1098		13.08	199.88000000000002	card
BAD_ROW_WITH_TOO_FEW_COLS
31756	9	49.79	3.49	53.28	
31757	1346	235.3	16.47		cash
31758	1346	387.74	27.14	414.88	
31759	225	651.89	45.63	697.52	card
31760	489	687.74	48.14	735.88	card
31761	1091	115.88	8.11	123.99	
31762	100	199.7		213.67999999999998	
31763	801	312.63	21.88	334.51	paypal
31764	970		33.09	505.78	
31765	219	683.8	47.87	731.67	
31766	631	269.17	18.84		
31767	1245	406.88	28.48	435.36	paypal
31768	112	551.84	38.63	590.47	
31769	1456	650.28	45.52		
31770	501	502.75	35.19	537.94	
31771	455	373.2	26.12	399.32	card
31772	156	717.87	50.25		card
31773	1010	$285.45	19.98	305.43	cash
31774	1341	51.69	3.62	55.309999999999995	paypal
31775	429	397.86		425.71000000000004	cash
,,,
31777	161	849.6	59.47	909.07	
31778	366	299.01		319.94	cash
31779	472		58.25	890.41	
31780	919	691.44	48.4	739.84	cash
31781	1412		50.98	779.24	card
31782	990	591.68	41.42	633.0999999999999	card
31783	1183	489.56	34.27	523.83	cash
31784	1052	825.16	57.76	882.92	paypal
31785	414	668.59	46.8	715.39	cash
31786	1346	118.65		126.96000000000001	
31787	264	178.72	12.51	191.23	cash
31788	1144	169.94	11.9	181.84	paypal
31789	683	429.9	30.09	459.98999999999995	cash
31790	531	593.09	41.52	634.61	
31791	285	784.82	54.94	839.76	cash
,,,
31793	1188	148.79	10.42	159.20999999999998	paypal
31794	451	5.2	0.36		paypal
31795	1311	488.27	34.18	522.4499999999999	paypal
31796	632		43.28	661.5	card
31797	1295	252.99	17.71	270.7	paypal
31798	1413		41.26	630.67	
31799	171	189.22	13.25	202.47	paypal
31800	96	603.69	42.26	645.95	paypal
31801	33	739.77	51.78	791.55	cash
31802	1147	341.71	23.92	365.63	
31803	667	806.48	56.45	862.9300000000001	paypal
31804	643	555.15	38.86	594.01	cash
31805	807	137.69	9.64	147.32999999999998	paypal
31806	1115	820.23	57.42		card
31807	374	717.26		767.47	card
31808	639	630.35	44.12	674.47	
31809	309	615.51	43.09	658.6	paypal
31810	448		1.93	29.5	
31811	1086		46.31	707.8900000000001	paypal
31812	1443	163.8	11.47	175.27	card
31813	840	804.56	56.32	860.88	card
31814	836	14.61	1.02	15.629999999999999	
31815	912	212.24	14.86	227.10000000000002	card
31816	1181	132.18	9.25	141.43	paypal
31817	931		28.79	440.03000000000003	
31818	263	889.97	62.3	952.27	paypal
31819	15	228.54	16.0	244.54	cash
31820	57	856.27	59.94	916.21	
31821	1337	$292.41	20.47	312.88	
31822	740	576.33	40.34	616.6700000000001	paypal
31823	581	750.66	52.55	803.2099999999999	paypal
31824	980	278.05	19.46	297.51	cash
31825	1116	656.74		702.71	
31826	1227	312.64	21.88	334.52	
31827	1317	456.5		488.46	
31828	702	460.99	32.27	493.26	card
31829	440	282.8	19.8	302.6	cash
31830	707	438.43		469.12	cash
31831	880	715.76	50.1	765.86	
31832	1408		32.78	501.08000000000004	cash
31833	387	434.12	30.39	464.51	cash
31834	965	29.19	2.04	31.23	card
31835	766		3.61	55.21	paypal
31836	1043	469.76	32.88	502.64	
31837	937	287.14	20.1	307.24	
31838	671	872.8		933.9	
31839	1294	294.27	20.6	314.87	paypal
31840	272		31.56	482.38	card
31841	954	$103.37	7.24	110.61	
31842	841	260.24	18.22	278.46000000000004	cash
31843	1417	206.66	14.47	221.13	
31844	821	525.32	36.77		card
31845	1464	37.84	2.65	40.49	card
31846	1149		38.0	580.79	paypal
31847	701	315.67	22.1	337.77000000000004	
31848	1417	455.44	31.88	487.32	
31849	795	106.24		113.67999999999999	
31850	1226	772.41	54.07	826.48	cash
31851	171	668.91	46.82		cash
31852	774	557.33	39.01	596.34	card
31853	378	469.33	32.85	502.18	paypal
31854	871	727.72	50.94	778.6600000000001	
31855	560	739.87	51.79	791.66	paypal
31856	1088		5.22	79.75	
31857	1201	566.15	39.63	605.78	card
31858	1064	44.18		47.269999999999996	paypal
31859	698	661.51			card
31860	1220	371.04	25.97		card
31861	179	411.77	28.82		paypal
31862	238	623.32	43.63	666.95	cash
31863	826		35.33		
31864	539	551.7	38.62	590.32	
31865	135	869.76	60.88	930.64	cash
31866	1236	255.51	17.89	273.4	paypal
31867	1067		35.92		paypal
31868	378		21.78	332.90999999999997	paypal
31869	842	637.51	44.63	682.14	cash
31870	703	237.59	16.63	254.22	cash
31871	1230	430.72	30.15		
31872	337	593.98	41.58	635.5600000000001	cash
31873	827	721.94	50.54	772.48	card
31874	964	866.09	60.63	926.72	cash
31875	441	847.36	59.32	906.6800000000001	paypal
31876	440	806.06		862.4799999999999	paypal
31877	1389	362.73	25.39	388.12	
31878	1347			13.33	cash
31879	262	681.59		729.3000000000001	
31880	1125	490.14	34.31	524.45	
31881	615		27.12	414.48	card
31882	146	430.11	30.11	460.22	card
31883	1283			610.6800000000001	
31884	1224	138.89	9.72	148.60999999999999	card
31885	913	183.79	12.87	196.66	card
31886	1190	518.55	36.3	554.8499999999999	cash
31887	1457	839.25		898.0	card
31888	1234	350.32	24.52		
31889	695	732.19	51.25		
31890	1069	$777.43	54.42	831.8499999999999	cash
31891	897	850.19	59.51	909.7	
31892	574	250.87		268.43	paypal
31893	120	869.26	60.85	930.11	cash
31894	1131	270.99	18.97	289.96000000000004	card
31895	574		23.17	354.19	card
31896	109	523.85	36.67	560.52	paypal
31897	36	449.12	31.44	480.56	
31898	343	403.64	28.25		card
31899	1490	369.12	25.84	394.96	paypal
31900	106	887.51	62.13	949.64	card
31901	1124	530.54	37.14	567.68	
31902	404	18.69	1.31	20.0	card
31903	955	740.76	51.85	792.61	cash
31904	184	418.03	29.26	447.28999999999996	
31905	587	540.85	37.86	578.71	
31906	757		7.07	108.13999999999999	
31907	618	103.96	7.28	111.24	
31908	691	477.47		510.89000000000004	card
31909	1126	259.88		278.07	
31910	321	526.62	36.86	563.48	
31911	108		40.52	619.3299999999999	paypal
31912	222	248.78	17.41	266.19	cash
31913	998	648.37	45.39	693.76	
31914	902	565.59	39.59	605.1800000000001	
31915	958	468.83	32.82	501.65	card
31916	29	841.48	58.9	900.38	paypal
31917	1109	44.42	3.11		paypal
31918	1089	374.54		400.76	card
31919	868	869.85	60.89	930.74	paypal
31920	590	625.75		669.55	
31921	1345	280.54		300.18	card
31922	170	351.91	24.63	376.54	
31923	1097	698.86	48.92	747.78	
31924	866	513.21		549.13	
31925	1421	811.57	56.81	868.3800000000001	card
31926	1398		52.65	804.84	cash
31927	966	654.14	45.79	699.93	
31928	102		41.09	628.0500000000001	
31929	930	472.56		505.64	
31930	744	657.71	46.04	703.75	cash
31931	209	627.71	43.94	671.6500000000001	
,,,
31933	1037	525.9	36.81	562.71	card
31934	1009		46.9	716.9599999999999	paypal
31935	220	299.04	20.93	319.97	
31936	371	176.34			
31937	1385	605.84	42.41	648.25	
31938	404	184.22	12.9	197.12	cash
31939	883	334.33		357.72999999999996	cash
31940	623	727.99	50.96	778.95	paypal
31941	50	683.79	47.87	731.66	
31942	697		37.3	570.1999999999999	paypal
31943	1222	$708.77	49.61	758.38	cash
31944	1445		26.36	402.93	cash
31945	404	142.63	9.98	152.60999999999999	
31946	1290	274.41		293.62	
31947	983	374.67	26.23		card
31948	766	333.89	23.37	357.26	
31949	612	433.77	30.36	464.13	card
31950	436	782.07		836.8100000000001	
31951	543		9.21		
31952	157	658.61	46.1	704.71	
31953	715	708.6	49.6	758.2	cash
31954	362	75.31	5.27		card
31955	1289		35.13	536.99	
31956	311		61.35	937.78	card
31957	1094		47.94	732.75	cash
31958	751		26.15	399.69	card
31959	625	43.23	3.03	46.26	cash
31960	1155	70.38	4.93	75.31	
31961	465	202.3	14.16	216.46	card
31962	1282	205.69	14.4	220.09	
31963	1496	356.83	24.98	381.81	
31964	480			535.54	
31965	1232	269.36	18.86		paypal
31966	456	598.04	41.86		
31967	938	332.54	23.28	355.82000000000005	cash
31968	547	797.22	55.81	853.03	cash
31969	782	77.25			
31970	1098	360.96	25.27	386.22999999999996	paypal
31971	557	546.03	38.22	584.25	
31972	469	692.01		740.45	cash
31973	977	56.73	3.97		card
31974	393	168.68	11.81	180.49	
31975	1204	864.35	60.5	924.85	
31976	1111	260.87	18.26	279.13	
31977	1264	434.2	30.39	464.59	
31978	107	826.41	57.85	884.26	card
31979	679	472.13			
31980	1448	760.6	53.24	813.84	paypal
31981	1324			70.17	
31982	1146	346.37		370.62	
31983	518	567.77	39.74	607.51	
31984	681	380.16		406.77000000000004	
31985	391	742.18	51.95		
31986	1374	291.59	20.41	312.0	cash
31987	1348	836.23	58.54	894.77	
31988	851	75.59	5.29	80.88000000000001	card
31989	1418	537.93	37.66		
31990	910	219.44	15.36	234.8	card
31991	405	76.13	5.33	81.46	cash
31992	513	75.29	5.27	80.56	
31993	598	677.38	47.42	724.8	
31994	966	148.9		159.32	paypal
31995	1452	811.34	56.79	868.13	card
31996	654	335.01	23.45	358.46	
31997	1198	522.44	36.57		paypal
31998	572	$865.88	60.61		card
31999	671	767.6	53.73	821.33	card
32000	157	732.48	51.27		card
32001	839	284.05	19.88	303.93	cash
32002	1226	530.13	37.11		card
32003	1454	415.6	29.09	444.69	
32004	829	554.54		593.36	card
32005	1042		37.84	578.4200000000001	paypal
32006	588		58.0	886.64	card
32007	210		10.42	159.23999999999998	cash
32008	137	535.95	37.52		cash
32009	1304	805.02		861.37	cash
32010	548	418.2	29.27	447.46999999999997	
32011	460	247.6		264.93	paypal
32012	287	112.63			cash
32013	730	$342.66	23.99	366.65000000000003	paypal
32014	714	333.41	23.34	356.75	card
32015	585	494.93	34.65	529.58	cash
32016	748	796.74		852.51	
32017	898		17.63	269.51	card
32018	284	29.34	2.05	31.39	card
32019	1363	339.46	23.76	363.21999999999997	
32020	1135	542.9	38.0	580.9	paypal
32021	198	77.14	5.4	82.54	card
32022	1340	82.47	5.77		paypal
32023	965	623.67	43.66		
32024	507	777.24	54.41		cash
32025	71	239.37	16.76	256.13	
32026	1152	859.34	60.15	919.49	
32027	1263	207.81	14.55	222.36	
32028	1275		16.32		
32029	844	563.96	39.48	603.44	paypal
32030	944	554.46	38.81	593.27	paypal
32031	1182	786.27	55.04	841.31	cash
32032	848	29.69	2.08	31.770000000000003	paypal
32033	437	796.76	55.77	852.53	card
32034	942	823.44	57.64		
32035	95	203.55		217.8	paypal
32036	1373	841.55	58.91		paypal
32037	743	25.48	1.78	27.26	paypal
32038	31		10.23	156.35	card
,,,
32040	896	$873.23	61.13	934.36	
32041	1291	668.95	46.83	715.7800000000001	cash
32042	744	843.76	59.06	902.8199999999999	
32043	477	398.73	27.91		cash
32044	345	583.88	40.87	624.75	paypal
32045	1259	868.4	60.79	929.1899999999999	paypal
32046	183	822.69	57.59	880.2800000000001	
32047	277	817.88		875.13	cash
32048	99		27.86		card
32049	785	506.89	35.48	542.37	
32050	1023	818.81	57.32		
32051	710	750.94	52.57		paypal
32052	942	73.14	5.12	78.26	card
32053	1111	411.26	28.79	440.05	
32054	389	883.37		945.21	
32055	1259	123.41	8.64	132.05	
32056	518	771.2	53.98		paypal
32057	3	474.38	33.21	507.59	
32058	1436	$662.13	46.35	708.48	
32059	840	290.65	20.35	311.0	cash
32060	298	652.16	45.65	697.81	card
32061	1083	516.16	36.13	552.29	
"unterminated,quote,here
32063	342	783.85	54.87	838.72	paypal
32064	832	136.83	9.58	146.41000000000003	
32065	817	768.09	53.77	821.86	
32066	674		13.69	209.31	card
32067	473	850.72		910.27	card
32068	1189	306.99	21.49	328.48	cash
32069	937	290.32	20.32	310.64	
32070	664	$300.73	21.05	321.78000000000003	cash
32071	785		6.05	92.45	
32072	488	429.78	30.08		paypal
32073	1250	704.67	49.33	754.0	cash
32074	493	273.47	19.14	292.61	card
32075	820		34.2	522.76	
32076	611			951.08	
32077	943	480.92	33.66	514.58	paypal
32078	1458	718.62	50.3	768.92	
32079	1402		1.8	27.52	cash
32080	751	658.75	46.11	704.86	card
32081	1087		24.76		
32082	277		5.7	87.18	
32083	299	64.57	4.52		paypal
32084	1486	305.03	21.35		
32085	572	221.32	15.49		card
32086	341	536.55	37.56	574.1099999999999	paypal
32087	534	561.28		600.5699999999999	cash
,,,
32089	125	715.89	50.11		card
32090	567	844.67	59.13	903.8	paypal
32091	35	741.12	51.88	793.0	
32092	364	$184.77	12.93	197.70000000000002	
32093	1193	5.96	0.42	6.38	cash
32094	175	553.54	38.75	592.29	
32095	902	509.59		545.26	card
32096	6	45.05	3.15	48.199999999999996	cash
32097	1235	115.53	8.09	123.62	card
32098	196	191.46		204.86	paypal
32099	987	379.67	26.58	406.25	
32100	788		61.32	937.37	paypal
32101	1374	684.69		732.62	
32102	829	341.14	23.88	365.02	
32103	1496	292.64	20.48	313.12	paypal
32104	16	400.5	28.04	428.54	cash
32105	762	375.13	26.26	401.39	card
32106	1008	811.71		868.5300000000001	cash
32107	715	60.33	4.22	64.55	card
32108	1358	798.48	55.89	854.37	
32109	1030	16.33	1.14	17.47	card
32110	784	418.35	29.28	447.63	
32111	919	208.25		222.83	
32112	1202	797.62	55.83	853.45	
32113	246	632.0	44.24	676.24	
32114	963	342.23	23.96	366.19	
32115	885	782.23	54.76		paypal
32116	1256		27.62	422.2	card
32117	788	492.76	34.49	527.25	
32118	45	468.84	32.82	501.65999999999997	paypal
32119	562	676.43		723.78	paypal
32120	268	185.78	13.0	198.78	
32121	435		54.47	832.59	card
32122	612	207.15	14.5	221.65	
32123	126	856.82	59.98	916.8000000000001	cash
32124	245	448.79	31.42	480.21000000000004	card
32125	96	34.97	2.45	37.42	
32126	1112	268.5	18.8	287.3	
32127	1389	209.86	14.69	224.55	paypal
32128	1005	179.14	12.54	191.67999999999998	card
32129	607	589.33	41.25		paypal
32130	723		9.68	147.99	card
32131	226	607.84	42.55	650.39	card
32132	1400	79.13	5.54	84.67	paypal
32133	655	854.97	59.85	914.82	card
32134	784			814.62	paypal
32135	555	773.06	54.11	827.17	card
32136	535	515.48	36.08	551.5600000000001	
32137	343	782.09	54.75	836.84	
32138	121	412.62	28.88		cash
32139	235	891.99		954.4300000000001	cash
32140	970	348.52	24.4	372.91999999999996	paypal
32141	1288	89.54	6.27	95.81	
32142	262	786.94	55.09	842.0300000000001	
32143	21	324.25	22.7		
32144	1438		16.72	255.56	paypal
32145	1496	852.82	59.7	912.5200000000001	
32146	1042	174.1	12.19	186.29	card
32147	1142	380.53	26.64	407.16999999999996	
32148	1480	337.75	23.64	361.39	
32149	531	837.59	58.63	896.22	paypal
32150	461	$353.08	24.72	377.79999999999995	paypal
32151	1123	774.43	54.21	828.64	
32152	930	686.01	48.02	734.03	card
32153	1030	452.25	31.66	483.91	paypal
32154	1378	423.57	29.65	453.21999999999997	paypal
32155	305	151.5	10.61	162.11	card
32156	1373		23.6	360.70000000000005	paypal
32157	409			872.8000000000001	cash
32158	671	93.59	6.55	100.14	cash
32159	1371		59.83	914.61	
32160	498	723.63	50.65	774.28	cash
32161	705	511.24		547.03	card
32162	1087	611.02	42.77	653.79	paypal
32163	283	176.68	12.37	189.05	cash
32164	1001	574.74	40.23	614.97	
32165	1260	480.11	33.61	513.72	card
32166	1406			707.95	
32167	440	250.22	17.52	267.74	cash
32168	1052	$680.04			card
32169	23		52.74		cash
32170	90	684.63	47.92	732.55	cash
32171	613	142.1	9.95	152.04999999999998	cash
32172	1442	489.14	34.24	523.38	cash
32173	627	599.98	42.0	641.98	paypal
32174	231	561.37	39.3	600.67	cash
32175	128	164.95	11.55	176.5	card
32176	35	289.19	20.24	309.43	card
32177	1348	426.79	29.88		card
32178	1073	633.21	44.32	677.5300000000001	cash
32179	1412	149.29	10.45	159.73999999999998	paypal
32180	247	334.45	23.41	357.86	cash
32181	1043	896.81	62.78	959.5899999999999	cash
32182	975	703.67	49.26		paypal
32183	1076	489.05		523.28	cash
32184	1487	766.82	53.68	820.5	cash
32185	306	123.24		131.87	cash
32186	1330	96.43	6.75	103.18	paypal
32187	472	100.63	7.04	107.67	
32188	408	298.57	20.9	319.46999999999997	
32189	1036	310.7	21.75	332.45	paypal
32190	673		31.67	484.04	cash
32191	912	640.14	44.81	684.95	
32192	1331	162.1	11.35	173.45	cash
32193	120	214.57	15.02	229.59	
32194	1181	676.95		724.34	
32195	414	754.63	52.82	807.45	paypal
32196	206		48.15	735.9499999999999	card
32197	989	273.3	19.13		
32198	1336	377.52	26.43		
32199	1360	803.92		860.1899999999999	card
32200	513	387.94		415.1	
32201	136	152.19	10.65	162.84	
32202	387	268.74	18.81	287.55	
32203	1171	195.61		209.3	
32204	992		61.71	943.2900000000001	
32205	908	115.52	8.09	123.61	card
32206	1102	6.71	0.47	7.18	
32207	1424		24.77	378.60999999999996	paypal
32208	702	892.31	62.46	954.77	
32209	904		31.59	482.9	card
32210	1476	326.77	22.87	349.64	
32211	386	662.78		709.17	card
32212	597	853.16	59.72	912.88	
32213	809	414.84	29.04	443.88	card
32214	579	420.15	29.41	449.56	card
32215	496	327.58	22.93	350.51	card
32216	1410	537.71	37.64	575.35	card
32217	524	831.16			cash
32218	952	360.14	25.21	385.34999999999997	
32219	1102		12.04	184.09	
32220	1094	485.67	34.0	519.6700000000001	paypal
32221	1052	322.67	22.59	345.26	cash
32222	389	636.52		681.0799999999999	paypal
32223	846	582.62	40.78	623.4	paypal
32224	1414	73.36		78.5	cash
32225	8	516.99	36.19	553.1800000000001	paypal
32226	559		27.68	423.16	card
32227	937	196.77	13.77	210.54000000000002	card
32228	1310	705.27	49.37	754.64	cash
32229	844	57.51		61.54	
32230	180	512.7	35.89		card
32231	142	379.9	26.59	406.48999999999995	card
32232	1293	566.12	39.63	605.75	card
123|MISMATCH|EXTRA|COLS|HERE|oops
32234	153	500.13	35.01	535.14	cash
32235	727	26.01		27.830000000000002	card
32236	993		54.45	832.2900000000001	cash
32237	788	174.18	12.19	186.37	paypal
32238	1472	203.96	14.28	218.24	paypal
32239	704	$647.98			paypal
32240	699	123.2	8.62		
32241	641	592.84			
32242	127	871.37	61.0	932.37	card
32243	1443		0.68	10.45	cash
32244	1245	570.08	39.91	609.99	cash
32245	512	353.37		378.11	
32246	1125	581.22		621.9100000000001	cash
32247	409	898.49	62.89	961.38	card
32248	220	788.2	55.17	843.37	cash
32249	1004	853.82			cash
32250	573	623.89	43.67	667.56	
32251	1425	$52.08	3.65		cash
32252	821	$679.88		727.47	
32253	867		38.88		paypal
32254	410	420.99		450.46000000000004	cash
32255	579	772.98	54.11	827.09	paypal
32256	723	121.08	8.48	129.56	cash
32257	741	510.51	35.74		card
32258	839	567.78		607.52	paypal
32259	836	437.85	30.65	468.5	cash
32260	1223	501.47	35.1	536.57	cash
32261	1267			545.95	
32262	56	835.25	58.47		paypal
32263	464		19.94	304.79	paypal
32264	343	769.62	53.87	823.49	
32265	1082	323.73		346.39000000000004	
32266	938	16.65	1.17	17.82	
32267	1102	600.23		642.25	paypal
32268	1284	888.58	62.2		paypal
32269	361	216.42	15.15	231.57	card
32270	257		33.65	514.37	cash
32271	702		20.94	320.02	paypal
32272	658	638.64	44.7		paypal
32273	201	776.35		830.69	card
32274	23	344.13	24.09		paypal
32275	624		32.68	499.47	card
32276	335	67.47	4.72	72.19	
32277	1447	263.8	18.47	282.27	card
32278	1496		4.03	61.53	
32279	762		3.22		card
32280	742	670.64	46.94	717.5799999999999	cash
32281	1301	563.88	39.47	603.35	paypal
32282	1048	846.44	59.25	905.69	card
32283	286	845.7	59.2	904.9000000000001	
32284	1408	860.74	60.25		
32285	904	845.57	59.19	904.76	
32286	328		7.62	116.45	paypal
32287	546		25.96	396.87	card
32288	230	385.2	26.96	412.15999999999997	
32289	922	706.62	49.46	756.08	
32290	552		4.44	67.85	
32291	1447	669.93	46.9	716.8299999999999	paypal
32292	159	194.38	13.61	207.99	
32293	276		58.02	886.8199999999999	
32294	204	94.0	6.58		
32295	339	766.82	53.68	820.5	
32296	596	194.46	13.61	208.07	paypal
32297	1227	838.78	58.71		card
32298	312	183.65	12.86	196.51	
32299	9	374.8			paypal
32300	316	232.77	16.29		paypal
32301	1117	503.29	35.23	538.52	card
32302	25	277.15	19.4		card
32303	668	$621.12	43.48	664.6	card
32304	581	776.23	54.34	830.57	
32305	1153	453.6	31.75	485.35	cash
32306	120	71.83	5.03	76.86	card
32307	1019	895.76	62.7	958.46	card
32308	1183	134.63	9.42	144.04999999999998	cash
32309	183	473.27	33.13	506.4	cash
32310	419	767.73	53.74	821.47	
32311	451	549.85	38.49	588.34	
32312	603	727.52	50.93	778.4499999999999	card
32313	1494	170.58	11.94	182.52	
32314	726	598.55	41.9		paypal
32315	59	137.14	9.6		paypal
32316	452	810.9	56.76		
32317	132	520.7		557.1500000000001	card
32318	1061	40.19	2.81	43.0	cash
32319	487	193.85	13.57	207.42	
32320	1260	42.45	2.97	45.42	card
32321	631	813.43	56.94	870.3699999999999	
32322	80	29.89		31.98	card
32323	846	744.88	52.14	797.02	paypal
32324	1174	776.5	54.36	830.86	
32325	634	398.12	27.87	425.99	paypal
32326	899	666.41			cash
32327	627		53.25		paypal
32328	1050		49.4	755.12	cash
32329	500		49.41	755.24	
32330	705		35.43	541.52	card
32331	1008	62.36	4.37	66.73	
32332	683	410.96		439.72999999999996	
32333	1304	443.28	31.03	474.30999999999995	card
32334	1244	126.64	8.86	135.5	
32335	400	142.33		152.29000000000002	cash
32336	1401		18.8	287.32	card
32337	1452		57.23	874.82	paypal
32338	297	268.99	18.83	287.82	cash
32339	709	656.11	45.93	702.04	
32340	909	863.56	60.45	924.01	
32341	471	788.24	55.18	843.42	
32342	943	682.45	47.77	730.22	
32343	425		50.37	769.95	
32344	620	859.85	60.19	920.04	
32345	1329	784.71	54.93	839.64	card
32346	250	247.81	17.35	265.16	cash
32347	617	709.36	49.66	759.02	paypal
32348	1453	852.41	59.67		
32349	578	343.14	24.02	367.15999999999997	paypal
32350	126	474.34	33.2	507.53999999999996	
32351	1274		59.54	910.13	
32352	427	459.26		491.40999999999997	paypal
32353	83	622.79	43.6	666.39	card
32354	869	231.01	16.17	247.18	
32355	560	569.97	39.9	609.87	card
32356	1447	74.04	5.18	79.22	paypal
BAD_ROW_WITH_TOO_FEW_COLS
32358	26				paypal
32359	1086	186.83	13.08	199.91000000000003	paypal
32360	1201	$266.75	18.67	285.42	paypal
32361	599	117.52	8.23		
32362	1430	769.67	53.88	823.55	paypal
32363	760	861.39	60.3	921.6899999999999	
32364	1441	806.09	56.43	862.52	card
32365	656	76.1	5.33	81.42999999999999	paypal
32366	1343		30.3	463.13	cash
32367	686		37.71		card
32368	375	331.16	23.18	354.34000000000003	paypal
32369	117	$60.52	4.24	64.76	
32370	1138	714.45	50.01	764.46	cash
32371	1100	898.35	62.88	961.23	card
32372	237	187.46	13.12	200.58	
32373	479	144.1	10.09	154.19	
32374	1500	80.3	5.62	85.92	cash
32375	41	698.32	48.88	747.2	
32376	117	373.01	26.11	399.12	
32377	650	402.89	28.2	431.09	paypal
32378	1189	25.81	1.81	27.619999999999997	card
32379	354	895.62	62.69	958.31	card
32380	904	17.73	1.24	18.97	card
32381	278		22.79	348.37	card
32382	728	581.95	40.74	622.69	cash
32383	845	616.36	43.15	659.51	cash
32384	192	$25.47	1.78	27.25	
32385	1116	584.76	40.93	625.6899999999999	cash
32386	1123	816.09		873.22	paypal
32387	419	581.31	40.69	622.0	paypal
32388	566		1.92	29.4	
32389	846		59.74	913.1800000000001	
32390	513	708.04	49.56	757.5999999999999	paypal
32391	56	625.38	43.78		cash
32392	916	721.97	50.54	772.51	
32393	454	594.06	41.58	635.64	
32394	1249	403.31	28.23	431.54	
32395	712	210.49	14.73		card
32396	541	481.9	33.73		
32397	146	682.71	47.79	730.5	
32398	109		27.52	420.64	paypal
32399	345	668.58	46.8	715.38	
32400	608	120.02		128.42	
32401	530	289.33		309.58	card
32402	263	855.76	59.9	915.66	cash
32403	1051	701.5	49.11	750.61	card
32404	742	91.29	6.39		cash
32405	1166	239.36	16.76	256.12	card
32406	1198	391.23		418.62	paypal
32407	1230	413.75	28.96	442.71	paypal
32408	717	590.6			
32409	1368	133.67	9.36	143.02999999999997	cash
32410	127		62.57	956.48	cash
32411	414	$391.76	27.42	419.18	cash
32412	1481	712.99	49.91	762.9	card
32413	180	575.15		615.41	cash
32414	262	54.19	3.79	57.98	
BAD_ROW_WITH_TOO_FEW_COLS
32416	483	536.3	37.54	573.8399999999999	paypal
32417	248	131.94	9.24	141.18	card
32418	46	793.69	55.56	849.25	
32419	459		32.06	490.12	cash
"unterminated,quote,here
32421	724	191.43	13.4	204.83	card
32422	360	25.16		26.92	
32423	694	516.35		552.49	
32424	606	377.34	26.41	403.75	paypal
32425	1165		39.98	611.1700000000001	paypal
32426	1491	387.03		414.11999999999995	cash
32427	200	61.22	4.29	65.51	
32428	468	8.8	0.62	9.42	
32429	611		26.4	403.5	cash
32430	787	25.27	1.77	27.04	paypal
32431	919	$228.38	15.99	244.37	
32432	291	557.27	39.01	596.28	
32433	475	213.68	14.96		card
32434	916	889.1	62.24	951.34	card
32435	1401	39.51	2.77		paypal
32436	1036	711.93	49.84	761.77	card
32437	586	687.64		735.77	cash
32438	1257	618.23	43.28	661.51	paypal
32439	1392	574.12	40.19		
32440	1025	275.52	19.29	294.81	
32441	129		46.63	712.82	card
32442	1153	7.95		8.51	
32443	830	21.82	1.53	23.35	cash
32444	117		13.72	209.69	
32445	481	58.56	4.1	62.660000000000004	card
32446	133	514.16		550.15	
32447	482	585.24		626.21	paypal
32448	1204	814.17	56.99	871.16	cash
32449	720	840.71	58.85	899.5600000000001	
32450	1103	192.79		206.29	card
32451	24		2.86	43.74	
32452	525	71.04	4.97	76.01	
32453	103	117.02	8.19	125.21	cash
32454	811		4.86		paypal
32455	1297	781.45	54.7	836.1500000000001	
32456	1330	758.99		812.12	cash
32457	1113	163.89		175.35999999999999	
32458	1066		44.7	683.2	
32459	9	878.87	61.52	940.39	cash
32460	1465	684.31	47.9	732.2099999999999	card
32461	489	812.5	56.88	869.38	
32462	1176	53.59			
32463	321	222.08	15.55		
32464	212	219.56	15.37	234.93	paypal
32465	295		1.86	28.41	
32466	507	5.54		5.93	paypal
32467	645	564.08	39.49	603.57	
32468	239	753.29		806.02	
32469	855	438.63		469.33	cash
32470	1418	511.7		547.52	card
32471	228	422.03	29.54	451.57	paypal
32472	1437	879.52		941.09	paypal
32473	1213	341.96	23.94	365.9	
32474	1352		32.33	494.14	cash
32475	615	132.95	9.31		paypal
32476	201	843.56	59.05	902.6099999999999	
32477	320	444.09	31.09	475.17999999999995	cash
32478	956	815.48	57.08		paypal
32479	137	826.31		884.15	
32480	831	82.35			cash
32481	1432	183.38	12.84	196.22	card
32482	1181	75.89	5.31	81.2	paypal
32483	1404	196.17	13.73	209.89999999999998	
32484	27	561.06		600.3299999999999	cash
32485	1181	766.67	53.67	820.3399999999999	card
32486	705	215.95	15.12	231.07	card
32487	54	41.04		43.91	
32488	527	145.23	10.17	155.39999999999998	
32489	1444	177.35	12.41	189.76	
32490	381	281.19	19.68		cash
32491	1130	9.94	0.7	10.639999999999999	
32492	386		8.17	124.87	card
32493	1236	72.6	5.08	77.67999999999999	paypal
32494	38	44.11	3.09	47.2	
32495	265	743.54		795.5899999999999	paypal
32496	1	739.53	51.77	791.3	
32497	1446	173.44	12.14	185.57999999999998	paypal
32498	981	897.92		960.77	card
32499	118		60.64		
32500	620	893.0		955.51	
32501	1384	531.68	37.22	568.9	paypal
32502	854	$486.96	34.09	521.05	cash
32503	743	377.68	26.44	404.12	paypal
123|MISMATCH|EXTRA|COLS|HERE|oops
32505	543	736.36	51.55	787.91	
32506	904	661.11	46.28	707.39	card
32507	185	230.66	16.15	246.81	
32508	120	472.6	33.08	505.68	paypal
32509	367	760.26	53.22	813.48	paypal
32510	364	152.98	10.71	163.69	
32511	1194	111.07	7.77	118.83999999999999	paypal
32512	253			572.1099999999999	
32513	199	622.6	43.58		
32514	549	610.03	42.7	652.73	
32515	1249	249.65	17.48	267.13	cash
32516	744	281.44	19.7	301.14	paypal
32517	93	645.45	45.18		cash
32518	842		54.59	834.48	cash
,,,
32520	1198	297.09	20.8	317.89	card
32521	878	13.42	0.94	14.36	
32522	429	318.31	22.28	340.59000000000003	card
32523	133		1.44	22.03	
32524	1313	774.86	54.24	829.1	cash
32525	1017	793.18	55.52	848.6999999999999	paypal
32526	175	46.83	3.28		
32527	1161	471.19	32.98		
32528	652			134.1	cash
32529	1155		37.66		paypal
32530	1259		60.3		
32531	696	641.9	44.93	686.8299999999999	paypal
32532	1294		5.88	89.92999999999999	card
32533	281	554.22	38.8	593.02	paypal
32534	887	71.28			card
32535	1071	264.13	18.49	282.62	
32536	1436	57.76		61.8	card
32537	1193	347.64	24.33		paypal
32538	744		20.23	309.22	cash
32539	193		48.76		
32540	1375	154.46	10.81	165.27	card
32541	1332			670.8	paypal
32542	641	161.92		173.25	
32543	559		20.77		
32544	1246		42.77	653.79	paypal
32545	155	101.8	7.13	108.92999999999999	
32546	203	584.73		625.66	
32547	1479	602.08	42.15	644.23	card
32548	1284	202.72	14.19	216.91	
32549	702	595.47	41.68	637.15	cash
32550	51	411.35	28.79	440.14000000000004	paypal
32551	683	610.79	42.76	653.55	cash
32552	447	841.35	58.89		
32553	681			62.89	cash
32554	1069	822.43	57.57	880.0	card
32555	937	536.11	37.53	573.64	cash
32556	1109	621.14	43.48	664.62	cash
32557	1145	324.34	22.7	347.03999999999996	
32558	520	208.65	14.61	223.26	paypal
32559	699	142.17	9.95	152.11999999999998	card
32560	732	113.52	7.95	121.47	paypal
32561	1190	224.97	15.75	240.72	
32562	196	696.82	48.78	745.6	card
32563	1266	822.53	57.58	880.11	
32564	836	168.87	11.82	180.69	card
32565	949		49.43	755.6099999999999	card
32566	37	862.05	60.34	922.39	card
32567	1343	709.29	49.65	758.9399999999999	cash
32568	371	410.95		439.71999999999997	paypal
32569	1473	709.4	49.66		cash
32570	302	343.3	24.03	367.33000000000004	cash
32571	1386	711.05	49.77	760.8199999999999	
32572	879		52.88	808.32	cash
32573	521		41.51	634.56	card
32574	1375	864.28	60.5	924.78	card
32575	942	373.29	26.13	399.42	
32576	1437		58.45	893.49	card
32577	158	311.5	21.81	333.31	
32578	474	182.01	12.74	194.75	
32579	873	750.38	52.53	802.91	paypal
32580	359	345.27	24.17	369.44	card
32581	1397	67.67	4.74	72.41	card
32582	574	624.36	43.71		card
32583	945	728.64	51.0	779.64	card
32584	1199	79.97	5.6	85.57	cash
32585	1242	362.42	25.37	387.79	paypal
32586	848	621.92	43.53	665.4499999999999	paypal
32587	133	99.04	6.93	105.97	paypal
32588	1361	219.13		234.47	cash
32589	662	$355.48			
32590	110	96.0	6.72	102.72	cash
32591	245	158.13	11.07	169.2	card
32592	285		61.62	941.97	card
32593	632	757.5	53.03	810.53	paypal
32594	983	157.99	11.06	169.05	
32595	1234	277.16	19.4		
32596	1292	729.91	51.09	781.0	card
32597	109	24.99		26.74	card
32598	921	227.72	15.94	243.66	cash
32599	517		24.67	377.12	card
,,,
32601	597	609.31	42.65	651.9599999999999	paypal
32602	606	494.09			
32603	1091	458.13	32.07	490.2	
32604	102	468.51	32.8	501.31	
32605	390	780.95	54.67	835.62	
32606	26	$297.67	20.84		paypal
32607	1424	353.16	24.72	377.88	
32608	828	207.9	14.55	222.45000000000002	
32609	202	271.18		290.16	cash
32610	1159	843.22		902.25	paypal
32611	190	80.76	5.65	86.41000000000001	card
32612	513	726.87	50.88	777.75	
32613	245	793.99	55.58	849.57	paypal
32614	463	858.06	60.06	918.1199999999999	paypal
32615	862	375.84	26.31	402.15	card
32616	1299	$473.17	33.12		
32617	1460	851.71		911.33	card
32618	1214		25.59		cash
32619	793	146.22	10.24	156.46	paypal
32620	1032	738.97	51.73	790.7	
32621	923	602.32	42.16	644.48	card
32622	987	880.97		942.64	paypal
32623	160	268.61		287.41	
32624	1236	611.15		653.93	paypal
32625	1474	488.44		522.63	paypal
32626	576	813.86	56.97	870.83	card
32627	77	894.03	62.58	956.61	card
32628	1285	689.98	48.3	738.28	cash
32629	643	830.74	58.15	888.89	
32630	906	475.36	33.28	508.64	card
32631	750	643.24	45.03	688.27	cash
32632	771	868.3	60.78	929.0799999999999	paypal
32633	1351	460.11	32.21	492.32	
32634	16	648.11	45.37	693.48	card
32635	1456	766.21	53.63	819.84	card
32636	507		29.16	445.67	paypal
32637	241	848.46	59.39		
32638	359	381.55	26.71	408.26	cash
32639	1369	476.41	33.35	509.76000000000005	
32640	1360	709.6			
32641	999	631.72	44.22	675.94	paypal
32642	279	8.26	0.58		paypal
32643	1153	566.08	39.63	605.71	card
32644	727	486.58	34.06	520.64	
32645	1133	$7.92	0.55	8.47	
32646	720	391.82		419.25	card
32647	276	126.49	8.85	135.34	card
32648	690	595.54	41.69	637.23	
32649	336	176.44		188.79	cash
32650	1100	206.65		221.12	paypal
32651	1240	601.97	42.14	644.11	cash
32652	1364	757.14	53.0	810.14	
32653	1377	154.9			card
32654	1213	871.9	61.03	932.93	card
32655	55	542.52	37.98	580.5	
32656	970	93.32	6.53	99.85	card
32657	1052	428.02		457.97999999999996	cash
32658	199		54.41	831.7199999999999	
32659	1005	306.06	21.42	327.48	
32660	515	797.47	55.82	853.2900000000001	card
32661	417	864.1	60.49	924.59	
32662	1058	$806.55		863.01	
32663	176		12.92	197.45	cash
32664	1202	598.11	41.87	639.98	
"unterminated,quote,here
32666	1376		31.82	486.32	card
32667	197	692.87	48.5	741.37	paypal
32668	1119			310.04999999999995	
32669	764	$853.89	59.77	913.66	cash
32670	476	329.53	23.07		cash
32671	1384	19.06	1.33	20.39	
32672	1275		60.76	928.75	paypal
32673	568	592.18	41.45	633.63	paypal
32674	1372	373.93	26.18	400.11	card
32675	1311	331.6	23.21	354.81	card
32676	117	122.55	8.58	131.13	
32677	769	257.89	18.05	275.94	paypal
32678	1102	176.99	12.39	189.38	
32679	69	589.72		631.0	paypal
32680	160	87.58	6.13	93.71	card
32681	875	51.12	3.58	54.699999999999996	cash
32682	933	$739.41	51.76	791.17	paypal
32683	1426	687.0	48.09	735.09	
32684	324	48.44	3.39	51.83	cash
32685	859	471.37	33.0		
32686	575	657.75	46.04	703.79	
32687	1341		12.51	191.17999999999998	paypal
32688	724	693.3	48.53	741.8299999999999	
32689	1267	612.78	42.89	655.67	
32690	787	114.54		122.56	card
32691	1405	667.73	46.74	714.47	paypal
32692	1053	727.6	50.93	778.53	paypal
32693	1132	180.09		192.7	paypal
32694	866	14.8	1.04		paypal
32695	181	629.17		673.2099999999999	paypal
32696	622	501.71	35.12	536.8299999999999	
32697	1275	558.1	39.07	597.1700000000001	
32698	257	830.95	58.17	889.12	paypal
32699	415	750.05		802.55	paypal
32700	952	609.41	42.66	652.0699999999999	
32701	1347		15.51	237.04	cash
32702	1482	34.3		36.699999999999996	cash
32703	746		46.56	711.6600000000001	
32704	1073	$55.48	3.88	59.36	cash
32705	1188	242.66	16.99	259.65	card
32706	1190	870.08	60.91		card
32707	465	539.17	37.74	576.91	cash
32708	441	87.88	6.15		
32709	1364	238.37	16.69	255.06	
32710	1022	775.62	54.29	829.91	paypal
32711	333	242.15	16.95	259.1	paypal
32712	1039	608.73	42.61	651.34	
32713	1263	133.01	9.31	142.32	
32714	921	289.01	20.23	309.24	card
32715	703	581.1		621.78	
32716	917		0.65	9.94	cash
32717	892		17.95	274.34999999999997	
32718	777	483.68	33.86	517.54	cash
32719	1153	76.94		82.33	
32720	568	799.54	55.97	855.51	cash
32721	701	448.13	31.37	479.5	paypal
32722	1222	$143.34	10.03	153.37	paypal
32723	1391	289.74		310.02	paypal
32724	361	461.91		494.24	card
32725	1469	688.37	48.19	736.56	
32726	1125	330.76	23.15	353.90999999999997	
32727	564	447.91		479.26000000000005	
32728	1347	361.64	25.31	386.95	
32729	1393	318.53	22.3		card
32730	587		48.76		card
32731	916		58.62	896.03	paypal
32732	1437	475.19	33.26	508.45	card
32733	1372	162.96		174.37	card
32734	1005	262.16	18.35	280.51000000000005	
32735	456	56.61		60.57	paypal
32736	596	396.4	27.75	424.15	
32737	61	534.62		572.04	
32738	855	$566.67		606.3399999999999	
32739	915	447.3	31.31	478.61	
32740	608	355.53	24.89	380.41999999999996	
32741	96	40.31	2.82	43.13	
32742	760	$137.55	9.63	147.18	paypal
32743	953	$78.59	5.5	84.09	cash
32744	1116	236.15	16.53	252.68	
32745	1188	335.98	23.52	359.5	card
32746	1328			589.59	card
32747	1421			287.17	card
32748	910	532.51	37.28		cash
32749	577	158.8	11.12	169.92000000000002	
32750	476		15.23	232.82999999999998	paypal
32751	1498		50.25	768.04	
32752	507	799.55		855.52	card
32753	208	10.91	0.76	11.67	
32754	1309	380.22	26.62		
32755	299	280.83		300.49	
32756	549	662.61	46.38	708.99	paypal
32757	1018	659.75	46.18	705.93	
32758	452	285.54	19.99	305.53000000000003	paypal
32759	587	144.59	10.12	154.71	cash
32760	709	271.67		290.69	
32761	466	105.75	7.4	113.15	
32762	651	612.12	42.85	654.97	card
32763	1395	330.28	23.12	353.4	cash
32764	1378	651.06	45.57		
32765	1444	704.89	49.34	754.23	
32766	258	304.65	21.33	325.97999999999996	card
32767	72	206.23	14.44	220.67	
32768	243	311.34	21.79	333.13	cash
32769	1317	842.85		901.85	cash
32770	671	260.4	18.23		
32771	504	468.2	32.77	500.96999999999997	card
32772	567	242.57	16.98	259.55	card
32773	402	409.02	28.63	437.65	
32774	238	244.13		261.21999999999997	paypal
32775	1263	$53.5		57.25	paypal
,,,
32777	698	203.33	14.23	217.56	
32778	1077		50.17	766.86	cash
32779	264	$385.08	26.96	412.03999999999996	cash
32780	1402	338.68	23.71	362.39	paypal
32781	187	843.98	59.08	903.0600000000001	
32782	1094	410.96	28.77	439.72999999999996	card
32783	303	428.18		458.15	cash
32784	211	74.06	5.18	79.24000000000001	
32785	773	44.13	3.09	47.22	
32786	794	406.01		434.43	
32787	1173	844.8	59.14		card
32788	824	232.55	16.28		
32789	1312	751.17	52.58	803.75	
32790	1321	868.37	60.79	929.16	
32791	591	319.25		341.6	card
32792	131	36.2	2.53	38.730000000000004	
32793	633		60.41	923.4399999999999	
32794	1332	732.27	51.26	783.53	paypal
32795	892	773.77		827.93	card
32796	1041	150.98	10.57	161.54999999999998	cash
32797	1013	348.93	24.43		
32798	1029		24.58	375.71	
32799	929		1.83	27.97	
32800	312	21.33	1.49	22.819999999999997	
32801	505	53.47	3.74	57.21	
32802	512	77.91	5.45		
32803	1435			327.43	
32804	878	189.23	13.25	202.48	card
32805	1326	732.09		783.34	paypal
32806	200	384.06	26.88	410.94	
32807	1159	224.82	15.74	240.56	
32808	109		57.24	874.9300000000001	paypal
32809	610	419.78		449.15999999999997	
32810	552		60.33	922.1500000000001	cash
32811	531	74.16	5.19	79.35	cash
32812	213	530.81	37.16	567.9699999999999	paypal
32813	942	367.89	25.75	393.64	
32814	149			304.94	
32815	830	13.37	0.94	14.309999999999999	
32816	1321	371.21	25.98		card
32817	478	743.94	52.08	796.0200000000001	
32818	938	211.51	14.81	226.32	card
32819	506		6.58	100.56	
32820	852	891.53	62.41	953.9399999999999	cash
32821	558		57.14	873.38	card
32822	219	49.16	3.44	52.599999999999994	card
32823	413	$353.98	24.78	378.76	
32824	318		38.13	582.86	cash
32825	300	197.59	13.83	211.42000000000002	
BAD_ROW_WITH_TOO_FEW_COLS
32827	336		32.73	500.35	cash
32828	1023	366.3	25.64	391.94	card
32829	40	260.58	18.24	278.82	cash
32830	1354	65.08		69.64	card
32831	728	532.51	37.28	569.79	
32832	26		23.83	364.21999999999997	
32833	676	125.88	8.81		cash
32834	744	121.54	8.51	130.05	cash
32835	375	538.69	37.71	576.4000000000001	card
32836	1178	403.1	28.22	431.32000000000005	
32837	264	482.51		516.29	
32838	1205		28.37	433.65	paypal
32839	1092	591.53	41.41		cash
32840	417	$574.83	40.24	615.07	
32841	597	532.3	37.26		
32842	1035	657.53	46.03	703.56	cash
32843	1353	771.47	54.0	825.47	paypal
32844	130	135.16	9.46	144.62	cash
32845	1249	149.01	10.43	159.44	cash
32846	832	371.04	25.97		card
32847	1375	515.18	36.06	551.24	cash
32848	908		10.58	161.71	
32849	351	803.75	56.26	860.01	cash
32850	947	608.25	42.58	650.83	card
32851	316	232.9	16.3	249.20000000000002	paypal
32852	118	399.26	27.95		
32853	119	760.11	53.21	813.32	cash
32854	89	841.26	58.89	900.15	paypal
32855	775	730.58		781.72	card
32856	998	$673.86	47.17	721.03	card
32857	63	540.35	37.82		
32858	6	85.32	5.97	91.28999999999999	cash
32859	329	79.7	5.58	85.28	card
32860	159	437.19	30.6		paypal
32861	1452	652.94	45.71	698.6500000000001	card
32862	291	466.42	32.65	499.07	cash
32863	236	204.37	14.31	218.68	cash
32864	601	574.26	40.2	614.46	
32865	413	719.15	50.34	769.49	card
32866	111	782.9	54.8		cash
32867	705	50.51			cash
32868	306	308.48	21.59	330.07	
32869	1038	579.39	40.56	619.95	paypal
32870	1033	472.62	33.08	505.7	
32871	387	509.27	35.65	544.92	
32872	350	8.1	0.57	8.67	
32873	95	582.17	40.75	622.92	cash
32874	584		8.06	123.21000000000001	cash
32875	1334	555.83	38.91	594.74	card
32876	528		62.11	949.41	paypal
32877	1257	615.07		658.12	
32878	333	68.79		73.61000000000001	card
32879	214	798.69		854.6	card
32880	1492	721.29	50.49	771.78	card
32881	1183		25.81	394.51	cash
32882	1343	651.81	45.63	697.4399999999999	cash
32883	94		55.79	852.7199999999999	paypal
32884	1049	400.63		428.67	card
32885	804	492.87	34.5		
32886	1370	614.92	43.04	657.9599999999999	
32887	864		5.58	85.28	
32888	139	600.43	42.03	642.4599999999999	card
32889	687	879.3	61.55		
32890	158	$593.27	41.53		card
32891	1166	219.52	15.37	234.89000000000001	
32892	911	154.66	10.83	165.49	card
32893	1080	204.59	14.32	218.91	card
32894	208	375.4	26.28	401.67999999999995	cash
32895	151	508.96	35.63	544.59	paypal
32896	1139	569.09	39.84	608.9300000000001	cash
32897	1061	511.0	35.77	546.77	
32898	907	$485.98	34.02	520.0	
32899	495		60.68	927.5799999999999	card
32900	29		4.6	70.38	paypal
32901	854	402.04	28.14	430.18	card
32902	445	825.08		882.84	cash
32903	752	514.05			
32904	910	364.41	25.51	389.92	cash
32905	40	309.84	21.69	331.53	card
32906	1030	768.89	53.82	822.71	card
32907	448	834.64	58.42	893.06	
32908	1154	361.61	25.31	386.92	
32909	1322	159.4	11.16	170.56	paypal
32910	653	898.39	62.89	961.28	card
32911	1078	79.86	5.59	85.45	card
32912	877	335.62	23.49	359.11	paypal
32913	405	74.53		79.75	
32914	428	119.48	8.36	127.84	card
32915	1248	189.88	13.29	203.17	paypal
32916	721	195.2	13.66	208.85999999999999	card
32917	505	887.51	62.13	949.64	card
32918	448	$565.42		605.0	paypal
32919	989	556.12	38.93	595.05	card
32920	821	195.37	13.68		
32921	488	65.51	4.59		cash
32922	587	711.41		761.2099999999999	
32923	1025	640.91	44.86	685.77	card
32924	286	$41.62	2.91	44.53	
32925	1189	434.16	30.39	464.55	paypal
32926	1499	818.61	57.3	875.91	card
32927	497		1.68	25.669999999999998	paypal
32928	242	631.13	44.18		
BAD_ROW_WITH_TOO_FEW_COLS
32930	135	186.35	13.04	199.39	
32931	648		39.15	598.39	cash
32932	980	770.65		824.6	paypal
32933	116	348.73	24.41	373.14000000000004	
32934	739	423.49	29.64	453.13	
32935	171	492.0	34.44	526.44	cash
32936	744	591.28	41.39	632.67	card
32937	335	120.52	8.44	128.96	card
32938	1318	268.2	18.77		cash
32939	1213	821.69	57.52	879.21	
32940	1164	76.93	5.39	82.32000000000001	paypal
32941	434	$739.25	51.75	791.0	cash
32942	491				card
32943	437		55.98	855.63	paypal
32944	854	477.81	33.45	511.26	cash
32945	229	683.23	47.83	731.0600000000001	
32946	1216		60.61	926.42	
32947	350		6.07	92.81	paypal
32948	896	443.65	31.06	474.71	
32949	527	81.62	5.71	87.33	card
32950	1448	162.1	11.35		card
32951	1423	309.59	21.67	331.26	paypal
"unterminated,quote,here
32953	632	199.89	13.99	213.88	
32954	1479	473.08	33.12	506.2	card
32955	219	40.3	2.82	43.12	paypal
32956	94	612.29	42.86		card
32957	825	845.85	59.21	905.0600000000001	cash
32958	691	142.39	9.97	152.35999999999999	
32959	1360	694.6		743.22	card
32960	66	729.41	51.06		paypal
32961	360	$433.21	30.32	463.53	
32962	1081	789.05	55.23		paypal
32963	236	491.54	34.41	525.95	card
32964	965	825.02	57.75		paypal
32965	1283	866.08	60.63	926.71	card
32966	155	759.29	53.15		card
32967	897	450.56	31.54	482.1	
32968	1085	277.21	19.4	296.60999999999996	
32969	525	512.93		548.8399999999999	paypal
32970	820	742.63	51.98	794.61	card
32971	1186	687.34	48.11	735.45	cash
32972	1180	566.64		606.3	cash
32973	900	897.39	62.82		
32974	755	154.63	10.82	165.45	
32975	1369	163.13	11.42	174.54999999999998	cash
32976	15	671.5		718.51	
32977	1228	529.81	37.09		
32978	658	781.51	54.71	836.22	
32979	1200		10.76	164.48999999999998	
32980	1061	539.71	37.78	577.49	paypal
32981	588		50.25	768.16	card
32982	580	496.28	34.74	531.02	cash
32983	1278	290.73	20.35	311.08000000000004	paypal
32984	1120	348.64	24.4	373.03999999999996	card
32985	172	852.53		912.2099999999999	
32986	882	365.33	25.57	390.9	card
32987	249	735.91		787.42	card
32988	663	257.47	18.02	275.49	card
32989	88	592.53		634.01	
32990	1479	734.41		785.8199999999999	
32991	807		17.92	273.96000000000004	paypal
32992	243	375.7	26.3	402.0	card
32993	1448	617.22	43.21		cash
32994	159		11.12	169.91	cash
32995	499		60.56	925.75	card
32996	53			107.33999999999999	
32997	79	485.77	34.0	519.77	cash
32998	247	806.42	56.45		
32999	1409	525.77	36.8	562.5699999999999	paypal
33000	461	809.0	56.63	865.63	
